亚丁	25458
稻城	23707
成都	15200
景区	12499
海拔	10994
小时	10874
海	10594
香格里拉	9823
出发	9650
米	8346
公里	8298
时间	8278
新都桥	8050
说	7673
旅行	7006
雪山	6779
真的	6438
走	6430
行程	6328
地方	6113
山	6092
稻城县	6064
冲古寺	5989
镇	5950
建议	5796
到达	5697
康定	5625
中	5548
点	5504
牛场	5463
路	5302
元	5248
一路	5200
牛奶	4927
海子	4925
吃	4922
五色	4499
约	3992
酒店	3983
感觉	3927
年	3907
里	3892
村	3847
电瓶车	3747
高原	3745
高	3651
拍	3574
拍摄	3571
朋友	3500
月	3405
洛绒	3401
最佳	3349
四姑娘山	3315
客栈	3312
景点	3288
车	3265
门票	3210
天	3148
路上	3124
休息	3111
下午	3059
提前	3034
四川	3016
往返	2997
想	2977
折多山	2920
前往	2919
住	2912
城	2842
红	2826
理塘	2760
风景	2738
住宿	2706
照片	2698
山路	2682
沿途	2672
世界	2670
第二天	2667
乘坐	2614
特别	2540
丹巴	2502
徒步	2501
来到	2499
只能	2476
观光车	2475
不错	2466
四川省	2463
沟	2462
国道	2388
川西	2364
摄影	2329
第一天	2322
选择	2316
草地	2311
车程	2308
一点	2306
做	2296
爬	2294
游客	2292
返回	2291
买	2287
游玩	2287
位于	2273
旅游	2259
风景区	2259
前	2177
早上	2161
包车	2152
找	2129
抵达	2128
生活	2117
珍珠	2114
翻越	2108
分钟	2103
路线	2102
司机	2101
时	2097
车票	2080
塌方	2077
下山	2066
云南	2059
终于	2036
小伙伴	1987
高反	1978
喜欢	1973
机场	1967
两个	1955
草原	1949
红景天	1943
天气	1941
晚上	1941
师傅	1927
旅程	1910
二郎山	1881
康巴	1880
兴伊措	1860
游览	1859
宿	1805
完	1800
太	1782
寨	1767
路过	1764
第一次	1763
介绍	1743
双桥沟	1734
西藏	1734
山上	1719
老板	1716
中国	1710
山顶	1704
G318	1701
一座	1701
步行	1689
不想	1683
观音桥	1659
泸定	1601
安排	1579
拍照	1566
日	1559
价格	1556
经历	1556
做好	1552
坐	1545
请	1544
目的地	1533
草甸	1527
两天	1525
藏族	1525
站	1523
远	1521
下车	1520
味道	1519
多吉	1514
行车	1513
路程	1510
中午	1508
扎	1508
高尔寺	1506
?	1504
三座	1504
路况	1501
班车	1497
半天	1490
☆	1480
最美	1416
新	1413
观音庙	1410
美景	1388
这是	1383
氧气瓶	1371
可爱	1365
攻略	1360
号	1358
途中	1358
感受	1342
线路	1341
距离	1341
越	1337
不到	1332
记得	1330
计划	1328
藏区	1327
夏诺	1326
保暖	1325
景色	1323
12	1322
仙乃日	1322
装备	1319
色达	1317
考察	1316
记录	1316
上午	1313
贡嘎	1310
提醒	1308
日瓦乡	1307
地铁	1305
美丽	1221
感冒	1205
秋天	1202
游记	1197
回	1193
手机	1193
回来	1187
几个	1184
垭口	1182
行	1177
雅江	1173
八年	1170
名字	1170
很大	1170
我会	1170
中心	1167
先	1164
全世界	1161
壮观	1158
推荐	1158
方式	1156
寺庙	1154
一篇	1147
日照	1144
停车	1143
几天	1142
卡子	1139
拉山	1139
一路上	1138
大门	1137
灌崩	1137
眼前	1137
听	1136
排队	1136
地图	1135
物品	1135
体力	1134
国家	1134
地区	1134
美食	1134
藏民	1134
之间	1133
地点	1131
4000	1130
翻过	1129
万亩	1126
地理	1125
驴友	1125
寺	1124
行驶	1124
颠簸	1120
海螺沟	1112
达	1084
雅安	1084
公路	1026
阳光	1026
故事	1021
依然	1017
泸定桥	1000
甲居藏	997
飞机	995
实在	994
起床	990
云	985
地震	985
梁	985
出行	977
七年	975
图	974
租车	972
听说	971
心情	971
11	970
接触	969
神山	969
网络	967
隧道	966
唯一	963
后悔	962
天堂	962
前行	961
长坪	958
结束	957
夜宿	955
低	954
消失	953
沿路	952
藏	952
金山	950
衣物	949
高速	949
300	948
孩子	948
店	948
西安	948
央迈勇	947
150	946
山口	944
拉	944
火车	944
还好	943
午餐	942
临时	941
忘记	940
扯	940
概念	940
洛克	940
拼车	939
0	937
市	936
累	936
背包	936
傍晚	935
宽窄	935
巷子	935
甘孜藏族自治州	935
简单	935
深圳	933
登山	932
?	930
兔子	930
冲锋衣	930
色拉	930
PS	929
傍河	929
冲古	929
草滩	929
遗迹	929
需	927
厚	926
Y料	925
[	925
自驾	836
重庆	834
好看	822
一张	821
旅途	821
电影	808
身体	800
景	797
没什么	797
自由	795
好像	794
打算	794
不好	791
途经	790
红杉	788
风光	786
公园	785
哈哈哈	785
游	785
内心	784
高山	784
想到	783
成	783
冷	780
国际	780
高原地区	779
国庆	778
关系	776
可惜	776
上山	775
出门	775
瞬间	775
导致	774
欣赏	774
早就	773
晚餐	772
一家	771
下雨	771
青年	771
漂亮	770
问	770
体会	769
一早	768
东西	768
久	768
第三天	768
玩	767
剪子	766
去年	766
遗址	766
佩服	765
告诉	764
温差	764
解决	764
运气	764
凌晨	763
青藏高原	763
雅拉	762
多公里	761
大熊猫	761
真	761
走过	760
面对	760
很小	759
本来	759
地处	758
大巴	758
著名	758
进藏	758
分界线	757
石头	757
雪	757
信仰	756
充足	756
4500	755
70	755
值得	755
山脚	755
杨林	755
离开	755
雅砻江	754
Day2	753
Day3	753
Day4	753
服用	753
藏寨	753
路途	753
青旅	753
3400	752
三条	752
下图	752
喇嘛寺	752
河谷	752
电线杆	752
紧张	752
美国	752
脚下	752
路段	752
大雪	751
即可	750
探险	749
袜子	749
足够	749
身边	749
110	748
50	748
发烧	748
想想	748
打扰	748
登山鞋	748
当天	747
钱	747
售票处	746
孤独	746
冰川	745
差	745
40	744
人群	744
塔林	744
处	744
尊胜	744
旅社	744
逆流而上	744
银河	744
防水	744
黄	744
去洛绒	743
位置	742
太古	742
无量	742
马夫	742
公交车	740
服务中心	740
f	740
马帮	740
美	707
甘孜	679
写	640
季节	637
开	622
回到	620
体验	617
原因	616
蓝天白云	614
工作	613
明天	613
图片	612
用品	612
美的	612
开心	609
挺	606
字	605
心	605
cn	603
html	603
http	603
i	603
mafengwo	603
www	603
川藏线	603
适合	599
难	598
因人而异	597
段	597
胶囊	596
防晒	596
便宜	595
费用	595
镇上	595
一段	594
江苏	594
湖泊	594
狗	594
相遇	594
行李	594
15	593
墨石	591
大山	591
林	591
河流	591
真实	591
座	590
最终	590
第四天	590
塔公	589
平原	589
早餐	589
感冒药	587
话	587
雨	587
旅	586
衣服	586
佛系	585
定制	585
晚	585
气温	585
雨季	585
风	585
60	582
十八弯	582
回去	582
带来	582
映秀	582
盘山	582
翻山越岭	582
进	582
感动	581
放弃	581
第一站	581
第五天	581
红色	581
心中	580
神奇	580
虔诚	580
赶路	580
青海	580
一步	579
平方公里	579
情况	579
热情	579
症状	579
面积	579
一晚	578
人生	578
干粮	578
弯山	578
情绪	578
正式	578
相机	578
一场	577
峡谷	577
川藏	577
必备	577
积雪	577
色彩	577
马	577
Day1	576
不用	576
乡村	576
带上	576
昨日	576
有个	576
次日	576
生命	576
加	575
山坡	575
条件	575
药品	575
尝试	574
桑堆	574
一阵	573
各类	573
圣山	573
头	573
当晚	573
搜索	573
本次	573
神州	573
该是	573
善良	572
躺	572
便是	571
条	571
洗澡	571
丹巴县	570
依旧	570
入住	570
名气	570
标准	570
死	570
相关	570
穿越	570
这辈子	570
历史	569
头晕	569
小姐姐	569
爬上去	569
超级	569
大渡河	568
山垭口	568
文化	568
景象	568
模式	568
直达	568
自拍	568
购买	568
先去	567
客运	567
懂	567
有人	567
滴滴	567
研究	567
缓解	567
采购	567
一周	566
基地	566
假期	565
手套	565
方向	565
秋季	565
陡峭	565
2900	564
交通	564
免费	564
区域	564
喝	564
困惑	564
国务院	564
小说	564
意	564
搞清楚	564
文章	564
杂志	564
泥泞	564
约瑟夫	564
考验	564
虚构	564
郎吉岭	564
一口气	563
多米	563
碎石	563
统一	563
120	562
4700	562
一日	562
大大的	562
担心	562
观景台	562
170	561
世外桃源	561
中甸县	561
乌镇	561
体质	561
信息	561
团里	561
屁股	561
拉乌	561
拖	561
林芝	561
熊	561
爬行	561
牛羊	561
环绕	561
芒康县	561
??	561
16	560
200	560
事物	560
人会	560
单车	560
哥哥	560
明白	560
相距	560
票	560
租用	560
购票	560
这家	560
逛逛	560
隔	560
估计	559
停下来	559
周边	559
开车	559
节省	559
越野车	559
App	558
两种	558
乡	558
南	558
古冰川	558
后期	558
涉水	558
票价	558
西岭雪山	558
面包车	558
世达赖	557
平台	557
手脚	557
抓绒	557
旺季	557
没带	557
河	557
热	557
观景	557
一班	556
LR	555
上坡	555
	555
号线	555
因	555
多带	555
抄	555
整合	555
方案	555
春熙路	555
爬坡	555
薄	555
色	462
佛学院	454
确实	430
算是	429
那种	429
团	419
放	419
DAY1	418
牦牛	418
云雾	417
家	417
十月	412
惊喜	412
景观	412
见到	412
远远	412
遗憾	412
一种	411
特色	411
单身	410
发现	410
城市	409
希望	409
水	409
盘山公路	409
药	409
错过	409
十点	408
同行	408
想起	408
帽子	407
网上	407
建筑	406
栈道	406
2015	403
老板娘	403
越来越	403
葡萄糖	402
买票	401
人物	401
几张	401
度过	401
房间	401
百度	401
赶到	401
车辆	401
随便	401
14	400
4298	400
一条	400
山间	400
日出	400
爱	400
程度	400
路边	400
送	400
门口	400
防晒霜	400
微信	399
想象	399
我来	399
是因为	399
相见	399
轻松	399
远方	399
大街小巷	398
一拨	394
中途	394
五星红旗	394
医护人员	394
半小时	394
回程	394
姝	394
小雪	394
心底	394
描述	394
插	394
楼	394
租	394
穿衣服	394
终点	394
藏语	394
命运	393
意义	393
无论是	393
星期	393
毛垭	393
流水账	393
疲惫	393
白塔	393
结伴	393
颜色	393
下雪	392
专业	392
充满	392
先来	392
办法	392
圣地	392
大片	392
头痛	392
好好	392
小雨	392
开启	392
找到	392
甘肃	392
贯穿	392
这篇	392
逗留	392
面前	392
预定	392
倒	391
前一天	391
去色	391
含	391
小溪	391
很漂亮	391
照应	391
睡	391
观赏	391
金黄	391
27	390
一辆	390
三个	390
全国	390
再见	390
午饭	390
口	390
吃饭	390
夏天	390
寻找	390
小易	390
巴黎	390
日瓦	390
显得	390
晚饭	390
有时候	390
来回	390
爱上	390
铁塔	390
闲逛	390
三大	389
事情	389
出游	389
急	389
第一关	389
第二次	389
一句	388
坐在	388
旅行社	388
木	388
穿	388
羽绒服	388
观看	388
一下子	385
一双	385
世人	385
也许	385
入口	385
参考	385
发展	385
向往	385
四季	385
土路	385
家家户户	385
川	385
已久	385
爬山	385
片段	385
艰难	385
蓝天	385
规划	385
重点	385
阴天	385
90	384
一颗	384
典型	384
再也	384
危险	384
山里	384
暂时	384
正	384
结识	384
药物	384
过后	384
退烧药	384
阴影	384
3000	383
450	383
ps	383
人口	383
众多	383
县城	383
吐	383
夜	383
大雾	383
完毕	383
幸运	383
意外	383
我要	383
改变	383
有趣	383
歇一会	383
没人	383
洗头	383
童话	383
等候	383
缭绕	383
翻	383
萌	383
转山	383
辛苦	383
飘	383
飞夺	383
35	382
保存	382
停留	382
剧烈运动	382
友善	382
外	382
如诗如画	382
小吃	382
左边	382
差点	382
期间	382
洗发水	382
睡觉	382
矿泉水	382
窝	382
蚂蜂	382
越高	382
造型	382
预留	382
不远	381
事	381
今日	381
休整	381
停靠	381
分水岭	381
南门	381
堵	381
天边	381
山到	381
山城	381
帮	381
床位	381
戴	381
措	381
旁	381
早	381
昨晚	381
森林	381
湖	381
白色	381
直至	381
神秘	381
秋日	381
自备	381
衬托	381
诗	381
一整天	380
墨镜	380
直奔	380
证件	380
费力	380
走上	380
身份证	380
轻微	380
险峻	380
鞋子	380
一层	379
印	379
大部分	379
懵	379
提供	379
用餐	379
路途遥远	379
饭店	379
17	376
2001	376
3008	376
3700	376
LostHorizen	376
三地	376
不堪	376
之地	376
事故现场	376
享受	376
从龙	376
以北	376
以南	376
佛祖	376
作家	376
关键	376
卧龙	376
历练	376
发表	376
可怕	376
同坝	376
品牌	376
地平线	376
夸张	376
定格	376
寸	376
巴朗山	376
希尔顿	376
年代	376
应对	376
心真大	376
愉快	376
慎重	376
我国	376
批准	376
抬头	376
探险家	376
时而	376
明亮	376
更名	376
未知	376
机会	376
植物学家	376
水塘	376
水草	376
海拔高度	376
滇	376
滚落	376
灾情	376
理清	376
甚	376
电线	376
盗图	376
真容	376
眼眸	376
种种	376
穿脱	376
笑容	376
第二日	376
箱子	376
英国	376
藏传佛教	376
装饰	376
詹姆斯	376
说白了	376
近几年	376
进出	376
防风	376
隶属	376
雪景	376
马道	376
160	375
一名	375
勇气	375
奔	375
守护	375
左	375
影响	375
忽略	375
排列	375
晕	375
核心	375
滚	375
而行	375
背上	375
背着	375
远眺	375
3.5	374
4200	374
S201	374
Y548	374
五步	374
停电	374
努力	374
勇敢	374
南迦巴瓦峰	374
叔叔	374
喧嚣	374
地狱	374
坐火车	374
奉上	374
带些	374
怒江	374
我报	374
扶	374
抖	374
抱团	374
指南针	374
携带	374
旅友	374
氛围	374
活该	374
琐碎	374
登山包	374
碧蓝	374
第二站	374
经济	374
自带	374
自驾游	374
色季	374
行李箱	374
跪下	374
遮住	374
金沙江	374
阿姨	374
面具	374
风雨	374
530	373
S217	373
一段路	373
一觉	373
一部分	373
两人	373
令人神往	373
修	373
共计	373
分布	373
名城	373
向上	373
喷雾	373
固定	373
太多	373
官方	373
形容词	373
得名	373
得知	373
r候	373
暗冰	373
最高峰	373
气候	373
泪	373
热得	373
狭窄	373
现场	373
田园风光	373
真心	373
穿行	373
终点站	373
统称	373
胃药	373
胜	373
草坪	373
解释	373
谷	373
贵	373
身体素质	373
边缘	373
这条	373
选	373
透过	373
@	373
通道	373
酸奶	373
静坐	373
高原气候	373
1.5	372
288	372
4412	372
4659	372
4718	372
Day5	372
Day6	372
Day8	372
一年	372
上映	372
不行	372
人均	372
余公里	372
停水	372
出生地	372
包吃	372
卡	372
口服液	372
古老	372
叫车	372
吃货	372
商场	372
地铁站	372
城会	372
城区	372
壮美	372
多分钟	372
天然	372
奔跑	372
好些	372
寺院	372
指示	372
早晨	372
星图	372
朝拜	372
杭州	372
畔	372
粗犷	372
自然保护区	372
航哥	372
节目	372
花	372
苍凉	372
苟且	372
药店	372
藿香	372
说走就走	372
货车	372
转阴	372
镜	372
雅江县	372
雨具	372
预订	372
黄教	372
古冰体	371
商业化	371
头疼	371
总	371
悠闲	371
生意	371
电池	371
留在	371
草	371
蚌普寺	371
补充	371
这段	371
连夜	371
镜头	371
13	370
150km	370
18	370
98	370
个人感觉	370
保温瓶	370
前期	370
原名	370
可达	370
	370
少数民族	370
席慕蓉	370
平路	370
很烦	370
所在地	370
手机软件	370
抓	370
数码相机	370
昼夜	370
rg	370
	370
朋友圈	370
村民	370
毛衣	370
水泥路	370
沿河	370
牧场	370
电脑软件	370
省道	370
看山	370
短袖	370
短裤	370
绒衣	370
罩	370
肠胃	370
著称	370
街站	370
记着	370
诗集	370
说实话	370
较大	370
@N	370
风大	370
饮料	370
饮用	370
马匹	370
马票	370
驾车	370
D	360
同伴	260
自然	260
五明	258
永远	251
星空	249
机票	248
一会	242
返程	242
心灵	241
广东	239
D1	233
DAY2	233
DAY3	233
DAY4	233
DAY5	233
DAY6	233
四个	233
回忆	233
当年	233
山峰	232
之旅	231
微博	231
渐渐	231
飞	231
很棒	230
D2	224
一小	224
原本	224
眼睛	224
笑	224
视频	224
踏上	224
反正	223
很快	223
见面	222
遇见	222
雨衣	222
冲动	221
广州	221
整理	221
D3	215
D4	215
D6	215
D7	215
DAY7	215
一丝	215
一圈	215
两	215
九点	215
入川	215
前方	215
无奈	215
深秋	215
空旷	215
窗外	215
讲解	215
走出	215
途径	215
道	215
雪峰	215
靠近	215
麻烦	215
一共	214
包	214
商务车	214
四周	214
声音	214
度	214
气氛	214
温柔	214
蜀山	214
发生	213
市区	213
开往	213
日常	213
民居	213
洗漱	213
玩儿	213
约定	213
西洋参	213
观音	213
记忆	213
跟着	213
人文	212
堵车	212
收费	212
水果	212
蓝色	212
马蜂窝	212
骑马	212
4600	206
D5	206
一次性	206
事先	206
云朵	206
五点	206
今晚	206
仪式	206
利用	206
前三天	206
化妆	206
十二点	206
厉害	206
各大	206
地貌	206
导游	206
左侧	206
弯	206
彩虹	206
想着	206
打开	206
拍不出	206
效果	206
日志	206
早晚	206
最长	206
望去	206
没关系	206
没错	206
点点	206
甘孜州	206
相比	206
称为	206
穿过	206
紧	206
紫外线	206
绿色	206
舍友	206
视野	206
详细	206
赞	206
蹭	206
过渡	206
这片	206
迷人	206
防寒	206
震撼	206
之王	205
做出	205
准时	205
医院	205
十几分钟	205
厕所	205
坐车	205
拥挤	205
摄影家	205
时分	205
晒	205
本文	205
氧气	205
犹如	205
社交	205
第七天	205
第六天	205
说话	205
贡嘎山	205
高峰	205
默默	205
2018	204
一台	204
一眼	204
一碗	204
三脚架	204
中毒	204
之称	204
之际	204
人品	204
从色	204
仓央嘉	204
停	204
净土	204
几日	204
名片	204
喝茶	204
天葬	204
天黑	204
少	204
山川	204
开上去	204
慢	204
抖音	204
早点	204
早饭	204
曲折	204
桥	204
毛巾	204
稍微	204
经幡	204
诗意	204
路费	204
车站	204
通往	204
那场	204
饭后	204
鸡血	204
习惯	203
写下	203
围巾	203
大小	203
收拾	203
是从	203
暖	203
来过	203
独特	203
环线	203
脸	203
车子	203
遇上	203
2014	197
3500	197
4400	197
5.4	197
512	197
70%	197
Q1	197
Q2	197
Q3	197
一团漆黑	197
一根	197
一般般	197
一趟	197
三日	197
上班	197
不住	197
不去	197
不输	197
中下旬	197
中古	197
乘车	197
习以为常	197
乱	197
五彩斑斓	197
交界处	197
仙	197
令	197
伴	197
依稀	197
借位	197
借助	197
借鉴	197
光影	197
全貌	197
八美镇	197
冰	197
减少	197
凑合着	197
几百米	197
出发地	197
初秋	197
删	197
副	197
劝阻	197
十八	197
十几天	197
十来	197
半个	197
占地面积	197
卡玛	197
去程	197
参加	197
反	197
只好	197
右边	197
各种各样	197
同去	197
吹动	197
呼吸	197
嘴里	197
四月	197
图甲居藏	197
土地	197
地上	197
地位	197
地名	197
地域	197
地质	197
坍塌	197
坐飞机	197
塔公寺	197
墙	197
处于	197
多个	197
多到	197
大四	197
大道	197
天地	197
太久	197
太大	197
奇观	197
好感	197
学校	197
小学	197
尴尬	197
展开	197
山区	197
年龄	197
建筑物	197
强壮	197
征服	197
必不可少	197
惠远寺	197
打了个	197
找伴	197
折磨	197
拍下来	197
拍人	197
拍拍	197
拍景	197
挑战	197
提及	197
摄影师	197
摘自	197
旅游团	197
无论如何	197
早早	197
时段	197
晒成	197
景致	197
有意思	197
有缘	197
期待	197
木板	197
村宿	197
松树	197
林下	197
树叶	197
核心区	197
比较关心	197
毛	197
民用机场	197
没课	197
测血氧	197
浓度	197
浪漫	197
消息	197
清晨	197
湖边	197
猫	197
用时	197
画面	197
瘦弱	197
百科	197
看吧	197
石林	197
碰到	197
答案	197
精华	197
精致	197
糟糕	197
级	197
纷纷	197
结了	197
考研	197
肉眼	197
肺水肿	197
脚步	197
脸皮厚	197
自行	197
航班	197
落脚	197
行人	197
行程表	197
见闻	197
角度	197
讲	197
貌似	197
赶上	197
赶回	197
起飞	197
趁有	197
路人	197
路面	197
路风	197
身份	197
车上	197
转经筒	197
通车	197
道孚	197
道理	197
遥远	197
遮挡	197
铜	197
问问	197
雄壮	197
顺利	197
领略	197
餐厅	197
高处	197
黄金	197
黑	197
鼻梁	197
7556	196
一望无际	196
一波	196
一身	196
事实上	196
人流	196
仙境	196
卖	196
参观	196
外卖	196
大巴车	196
天空	196
宁静	196
家人	196
山下	196
平均海拔	196
怀疑	196
惊险	196
折	196
抱	196
拐	196
接送	196
支撑	196
早起	196
段时间	196
每次	196
泡面	196
消费	196
深深	196
湖水	196
灵魂	196
点多	196
热闹	196
爱情	196
爱过	196
疯狂	196
看过	196
睡着	196
短	196
秋色	196
精彩	196
缘故	196
缺氧	196
聊天	196
肯定	196
藏餐	196
蜿蜒	196
街头	196
觉	196
证明	196
谢谢	196
走来	196
达成	196
迎来	196
这句	196
遍地	196
长	196
门	196
集合	196
非	196
高达	196
鼓励	196
100	195
2017.1	195
26	195
29	195
35W	195
3685	195
5D4	195
9000	195
一世	195
一会儿	195
七点	195
三人	195
下定决心	195
下着雨	195
下过	195
不知	195
不长	195
之约	195
乌云	195
买回来	195
交通要道	195
人像	195
人生如梦	195
今天上午	195
会见	195
佛塔	195
保证	195
信徒	195
修路	195
充电器	195
全	195
公交	195
公寓	195
写作	195
冬天	195
分摊	195
分量	195
创可贴	195
功能	195
卓	195
卡萨湖	195
反中	195
台阶	195
合照	195
后勤	195
后勤保障	195
呆	195
告别	195
四驱	195
场景	195
城镇	195
备用	195
夜晚	195
大学毕业	195
大海	195
天全县	195
天晴	195
天色	195
对面	195
小心	195
小跑	195
就近	195
山峦	195
平时	195
年初	195
开光	195
开发	195
开玩笑	195
开端	195
快到	195
怎会知	195
愿下	195
成功	195
我刚	195
换	195
掏空	195
搬家	195
收获	195
无垠	195
无意间	195
无话不谈	195
星座	195
暖和	195
最少	195
有多美	195
有机	195
机	195
查	195
标志性	195
模糊	195
次来	195
欢声笑语	195
水印	195
汉兰达	195
汉藏	195
沐浴露	195
没事	195
洒满	195
浙江	195
煮	195
片	195
牙刷	195
牙膏	195
玛拉	195
现金	195
男	195
白衣	195
目的	195
短暂	195
私人	195
秋冬	195
称赞	195
穿梭	195
第一个	195
第一张	195
第三次	195
等待	195
简称	195
繁育	195
终究	195
绿油油	195
聊到	195
苍狗	195
触屏	195
设施	195
试用	195
超市	195
跟不上	195
轨迹	195
转水转	195
辗转	195
过亚丁	195
这位	195
远走	195
连绵起伏	195
道场	195
重走	195
阿坝	195
陪	195
雅克	195
雅康	195
雪后	195
雪过	195
青衣江	195
顺路去	195
领队	195
风采	195
飞猪	195
龙达	195
一件	194
一大早	194
一道	194
两边	194
事实证明	194
以防万一	194
低头	194
假	194
儿子	194
充裕	194
全是	194
共有	194
内衣	194
冬季	194
减轻	194
凹	194
别提	194
前两天	194
包含	194
匆忙	194
十一	194
原	194
口罩	194
听过	194
品尝	194
哭	194
垃圾	194
多喝水	194
夜来	194
大半年	194
太阳眼镜	194
夹金山	194
女孩	194
密密麻麻	194
寒风	194
居住	194
属	194
巧克力	194
强烈推荐	194
必经之路	194
忍不住	194
怀念	194
恩	194
感到	194
手	194
打麻将	194
报	194
披肩	194
无意	194
晕车	194
月初	194
有限	194
泸沽湖	194
海滩	194
润唇膏	194
淳朴	194
电话	194
盘旋	194
稀少	194
第一晚	194
翻出	194
背景	194
花费	194
草坝	194
蜂	194
行者	194
被誉为	194
赶紧	194
轮	194
运营	194
道路	194
错落有致	194
雄登寺	194
驱车	194
骑	194
鲜花	194
15L	188
1922	188
1928	188
1949	188
1997	188
2002	188
2009	188
220	188
2220	188
24	188
290	188
3210	188
350	188
360	188
3600	188
390	188
3900	188
410	188
4800	188
900	188
96%	188
Shangri	188
la	188
max	188
ok	188
suv	188
一出	188
一切都是	188
一家人	188
一山	188
一山高	188
一带	188
一模一样	188
一生	188
一目了然	188
一箱	188
一闯	188
万全	188
上床睡觉	188
上方	188
上爬	188
上能	188
上边	188
下文	188
下榻	188
下起	188
下马威	188
不为过	188
不化	188
不可多得	188
不容	188
不忍	188
不懈	188
不甘示弱	188
不论是	188
不过如此	188
不顺	188
专用	188
世界级	188
世纪	188
丛山峻岭	188
东东	188
东南	188
东部	188
两公里	188
两山	188
两座	188
两杆	188
两条路	188
个城	188
中川	188
中旬	188
中称	188
中而为	188
中路	188
主线	188
丽江	188
之巅	188
之烂	188
争夺	188
争夺战	188
云南省	188
云南省迪庆藏族自治州	188
云南迪庆藏族自治州	188
互不相让	188
五座	188
五花八门	188
交通枢纽	188
人和事	188
人算不如	188
人类学家	188
人身安全	188
仅此而已	188
从何	188
代名词	188
仰头	188
会高反	188
传统	188
伤心	188
便捷	188
保护区	188
信心	188
信念	188
倒影	188
值	188
偷吃	188
元洛绒	188
兄弟	188
先放	188
全县	188
全天	188
全毁	188
全球	188
关心	188
关键词	188
其为	188
养路	188
内饰	188
冰淇淋	188
冷飕飕	188
凌乱	188
几公里	188
凭前	188
出面	188
分享	188
刊登	188
则安之	188
刚刚	188
创作	188
别看	188
到洛绒	188
刷	188
力度	188
动作	188
包容	188
北下南	188
北向南	188
十二五	188
千奇百怪	188
千方百计	188
千辛万苦	188
半价	188
半向	188
半开化	188
南北向	188
南航	188
即逝	188
却显	188
原寺	188
原订	188
厨房	188
县	188
参照	188
发呆	188
发飘	188
受此	188
变红	188
口气	188
古建筑	188
叭	188
可想而知	188
可靠	188
右侧	188
右手边	188
号称	188
吃喝	188
各唱	188
合作	188
合影	188
合适	188
同一个	188
同名	188
名号	188
名词	188
向右走	188
向阳	188
听闻	188
吹过来	188
	188
呈品	188
呈现	188
告之路	188
咪	188
品牌效应	188
哈哈哈哈	188
	188
商城	188
嗨	188
四天	188
四川盆地	188
四方	188
回味	188
回想起来	188
困局	188
围绕	188
国庆节	188
国际性	188
圣神	188
地带	188
地理位置	188
地说	188
坚强	188
塘	188
塞子	188
塞车	188
壁垒	188
声明	188
夏洛	188
外围	188
外界	188
多项	188
夜生活	188
大发慈悲	188
大名	188
大早	188
大气	188
大点	188
大石头	188
大雪山	188
天上飞	188
天下	188
天公不作美	188
天内	188
天是	188
天灾	188
天算	188
太太	188
太远	188
太阳镜	188
失望	188
头发	188
头顶	188
奔波	188
套路	188
奥斯卡奖	188
好少	188
好棒	188
好评	188
好赞	188
始建	188
始料不及	188
婚纱照	188
字形	188
学者	188
完整	188
定桥	188
审美疲劳	188
害得	188
家中	188
容量	188
寒	188
寒冷	188
寸步不离	188
导游图	188
导航	188
将来	188
小小白	188
小小的	188
小瀑布	188
小觑	188
尘土	188
尘土飞扬	188
尽量避免	188
屁	188
山风	188
崇拜	188
崇敬	188
川藏路	188
左手边	188
市里	188
干嘛	188
年间	188
幸好	188
废	188
建寺	188
建筑风格	188
开支	188
强度	188
归属权	188
归来	188
当站	188
形象	188
往上爬	188
徒手	188
心境	188
心越	188
心都化	188
必修课	188
必经之地	188
快且	188
念	188
念青	188
态度	188
怎能	188
怙主	188
性别	188
性能	188
怪心	188
总会	188
恨不得	188
想过	188
意想不到	188
意识	188
慈悲	188
憋	188
憋着	188
我长	188
截图	188
所得	188
手艺	188
扑灭	188
扒	188
打乱	188
打破	188
扬尘	188
扯远	188
承认	188
抛开	188
抢占	188
护法神	188
护路队	188
报名	188
拉根	188
拉着	188
拉萨	188
拍下	188
拍个景	188
拍成	188
拨云见日	188
持有	188
挺快	188
掐指一算	188
探寻	188
接受程度	188
搭乘	188
撤乡	188
撤县	188
攀爬	188
攀谈	188
收到	188
改	188
改镇	188
改革开放	188
放假	188
放学	188
政府	188
政府部门	188
救灾	188
散漫	188
新修	188
旅游业	188
旅游区	188
旅让	188
无从	188
无处	188
既来之	188
日出日落	188
日月	188
日松	188
时会	188
昆明	188
易	188
显示屏	188
晃到	188
晴好	188
更是	188
最快	188
最最	188
最烂	188
有太多	188
有生以来	188
木有	188
木里	188
本想	188
杂七杂八	188
村子	188
松软	188
染成	188
标致	188
树林	188
格局	188
模样	188
歌声	188
毁	188
水中	188
汇车点	188
汉语	188
汗马功劳	188
沉淀	188
没通	188
沪	188
泄掉	188
泥土	188
泥沙	188
泥石流	188
流水	188
液晶	188
深化	188
清朝	188
渡过	188
渴求	188
游侠	188
游览车	188
溢美之词	188
滚滚	188
满地	188
满头大汗	188
满山	188
激发	188
灵感	188
炒作	188
烦人	188
煎饼	188
照相	188
熟知	188
熟练	188
片子	188
牵绊	188
特定	188
状况	188
状态	188
玉树藏族自治州	188
环境	188
环绕着	188
现实	188
理	188
甚者	188
生病	188
用途	188
电	188
电子地图	188
男孩	188
男孩子	188
疼痛	188
白云	188
直走	188
相当于	188
相距仅	188
省	188
省去	188
看不出	188
看云	188
看景	188
看透	188
看雪	188
眷顾	188
眼看	188
石头路	188
研究家	188
研究成果	188
破败	188
礼物	188
神仙	188
神圣	188
神往	188
离港	188
秀气	188
科学	188
秘密	188
稍事	188
稳定	188
突发事件	188
窒息	188
立下	188
站不稳	188
竟是	188
笑嘻嘻	188
笑脸	188
第三	188
管理人员	188
索道	188
紧凑型	188
纳西	188
组织	188
终年	188
经受	188
经理	188
经验	188
绝大多数	188
缺点	188
美到	188
翻山	188
老外	188
老师	188
耳边	188
肤色	188
肺部	188
能放	188
能量	188
脑子	188
脚	188
脸上	188
自信	188
自治区	188
自然灾害	188
至上而下	188
至极	188
致敬	188
舍得	188
舟车劳顿	188
良方	188
艰险	188
节奏	188
茂密	188
荣获	188
落下来	188
落石	188
藏塞	188
藏路	188
蛮贵	188
蜀黍	188
融在	188
行小团	188
行政	188
行进	188
西南	188
西右东	188
西藏昌都地区	188
视感	188
觉醒	188
警察	188
认定	188
记	188
设卡	188
设市	188
设计	188
诚心	188
详见	188
详述	188
语从	188
说到底	188
调	188
谷底	188
豁然开朗	188
贡布	188
费劲	188
费尽	188
费神	188
赐予	188
赐教	188
走老路	188
赶往	188
起不来	188
超有	188
超越	188
路基	188
路太难	188
路政	188
身处	188
车手	188
车款	188
车比	188
转晴	188
转来转去	188
转而	188
转选	188
轻度	188
过不去	188
过夜	188
近距离	188
还原	188
这一	188
这会	188
这张	188
这样的话	188
这算个	188
这雪里	188
远不如	188
远中近	188
连续	188
迪庆	188
逊色	188
途	188
逗笑	188
通	188
造就	188
道光	188
遮阳帽	188
避开	188
那天	188
那片	188
都市生活	188
配合	188
重	188
重复	188
金色	188
金钱	188
铺满	188
长假	188
闪	188
问及	188
问号	188
阴晴不定	188
阴沉	188
阴沉沉	188
附带	188
陪伴	188
陶醉	188
难以想像	188
难以预测	188
雅致	188
雕工	188
雨夹雪	188
零星	188
雾	188
雾气	188
霾	188
青城山	188
青藏	188
静止	188
鞋上	188
顶上	188
顺便	188
顺序	188
预期	188
预睹	188
飘荡	188
飙到	188
飞往	188
飞扬	188
飞翔	188
餐	188
饱饱	188
香格里拉县	188
马能	188
高于	188
高耸入云	188
鲜为人知	188
黄绿色	188
黑黑的	188
鼓足勇气	188
龙同坝	188
1.2	187
106	187
19	187
39	187
4014	187
4696	187
5.5	187
500	187
5000	187
72	187
78	187
95	187
C	187
Ps	187
or	187
?	187
?	187
?	187
?	187
?	187
一万只	187
一份	187
一只	187
一回	187
一度	187
一排	187
一段时间	187
一瓶	187
一览	187
一针	187
三五成群	187
三绝	187
下坡	187
不依不饶	187
不含糊	187
不好意思	187
不收	187
不来	187
东达山	187
个慢	187
之外	187
乐	187
书	187
书包	187
乱石滩	187
互相帮助	187
五种	187
人来	187
人满为患	187
仰望	187
伏	187
众山	187
优越	187
佛心	187
作用	187
作者	187
例假	187
保温杯	187
修行	187
倍	187
假装	187
停歇	187
光与影	187
全攻略	187
全身	187
八宿	187
内向	187
再也不会	187
几千人	187
出远门	187
分割线	187
分开	187
分配	187
划不来	187
划算	187
到然	187
剥夺	187
劝	187
包住	187
包车来	187
医用	187
卖麻批	187
南方人	187
压力	187
双人床	187
双双对对	187
发抖	187
发麻	187
受教	187
变幻	187
只不过	187
只花	187
只顾	187
叫醒	187
右	187
吓坏	187
听见	187
告白	187
呜呜	187
和解	187
咳嗽	187
唯独	187
喂给	187
喇嘛	187
喔	187
四肢	187
四肢无力	187
困难	187
圣湖	187
坐烂	187
坐骑	187
块	187
坚固	187
坚定	187
堆	187
多家	187
夜宵	187
大厅	187
大峡谷	187
大笑	187
大门口	187
天气晴好	187
天气晴朗	187
天际	187
天险	187
太差	187
奔腾	187
好人	187
好开心	187
好心	187
委屈	187
娃娃	187
学生	187
安久	187
安静	187
宗	187
宠	187
害怕	187
对不起	187
小酒馆	187
尘世	187
山东	187
山岩	187
山觉	187
岁	187
左小腿	187
左脚	187
左腿	187
左贡	187
巴塘县	187
巴山	187
巴拉	187
市场	187
带点维	187
年纪	187
底盘	187
开太好	187
弱	187
强迫	187
归宿	187
当临	187
彩色	187
往下走	187
很烂	187
很赞	187
心想	187
心爱	187
心老	187
心跳	187
忍忍	187
忙碌	187
忠于	187
急于	187
急救药	187
成双成对	187
成群结队	187
成雅	187
我能	187
我连防	187
戴不来	187
手动	187
手里	187
扑面而来	187
打包	187
打车	187
扭伤	187
折射	187
护花使者	187
抹	187
担任	187
拐杖	187
拖上	187
掉落	187
探究	187
搀扶着	187
摔伤	187
摸不着	187
攀登	187
放晴	187
整块	187
文艺	187
新桥	187
新龙县	187
旁听	187
旧桥	187
晋升	187
最有	187
有所准备	187
有点累	187
未能	187
来古村	187
林立	187
格格不入	187
格鲁派	187
桶	187
梁静茹	187
槽	187
欲裂	187
步伐	187
死过	187
每一	187
每位	187
每天晚上	187
毫无顾虑	187
气质	187
沉浸于	187
没舍得	187
泡腾片	187
波密	187
浪费时间	187
海来	187
淤青	187
深情	187
深爱着	187
清莹	187
渴望	187
游刃有余	187
滔滔不绝	187
满意	187
火车站	187
灰色	187
炒热	187
点去	187
烛光	187
热情奔放	187
然乌湖	187
熟	187
狼	187
猝死	187
玲珑	187
理塘县	187
琳琅满目	187
生长	187
界碑	187
病	187
省钱	187
看不见	187
看护	187
眼在	187
眼神	187
知觉	187
硬座	187
硬着头皮	187
磕到	187
祈祷	187
祝福	187
秀雅	187
科尔	187
秘境	187
穷游	187
符合	187
第七站	187
第三站	187
第五站	187
第六站	187
第四站	187
算	187
精打细算	187
素以	187
紧俏	187
累赘	187
累过	187
红墙	187
红尘	187
红衣	187
纪念碑	187
纯氧	187
结行	187
缓慢	187
网红地	187
羁绊	187
美团点	187
美图	187
美如	187
耐操	187
耳鸣	187
耸立	187
肃然起敬	187
肚脐	187
胃口	187
胡吃海喝	187
能力	187
膝盖	187
自费	187
臭美	187
节约	187
苦难	187
草泥马	187
蔚蓝	187
藏医	187
虚伪	187
被宠	187
西俄洛	187
西出	187
要备些	187
要说	187
诗词	187
说真的	187
说路	187
谁给我	187
豪华型	187
负责	187
财富	187
购物	187
赶赴	187
起到	187
越过	187
趴在	187
跑出去	187
身在	187
身躯	187
转向	187
辽阔	187
达山	187
过毛垭	187
这处	187
这才	187
送往	187
逃离	187
通麦	187
逛街	187
速度	187
那份	187
邦达	187
针	187
闻名于世	187
阙	187
陌生人	187
随心	187
难受	187
难过	187
雅女	187
雅雨	187
雅鱼	187
雪水	187
雪线	187
需求	187
青春	187
顺水推舟	187
预算	187
风景图	187
饱含	187
饿	187
马背	187
骑上	187
骗人	187
高耸	187
高高低低	187
高高的	187
鲁朗	187
鸡汤	187
麻批	187
默默无闻	187
??	187
??	187
??	187
12306	186
151km	186
172	186
1800	186
1935	186
258	186
3437	186
4420	186
4962	186
576	186
650	186
6578948	186
6874436	186
8476306	186
999	186
CF	186
Day10	186
Day11	186
Day12	186
Day13	186
Day7	186
Day9	186
SD	186
app	186
stonex5	186
一个半	186
一侧	186
一吨	186
一块	186
一块块	186
一封	186
一日游	186
一曲	186
一期	186
一系列	186
一行	186
一车	186
一进	186
万达	186
万里	186
上空	186
下单	186
下方	186
下次	186
不一会儿	186
不为	186
不多	186
不远千里	186
两三个	186
两日游	186
两有	186
中国工农红军	186
中焦	186
串串	186
九眼桥	186
买不到	186
买来	186
五毛钱	186
五洲四海	186
享誉	186
人太多	186
今天下午	186
从兴	186
伊措	186
休足	186
会员	186
伟大胜利	186
传送门	186
传阅	186
住宿费	186
体型	186
侵蚀	186
便携式	186
倾盆大雨	186
偏正	186
停一晚	186
先上片	186
光污染	186
光线	186
全景	186
公众	186
共享	186
兴教	186
兵马俑	186
其间	186
具电	186
内胆	186
冒椒	186
冒菜	186
凑热闹	186
几碗	186
几顿	186
出了门	186
分	186
刚到	186
到家	186
前来	186
办理	186
加利利	186
匍匐	186
化石	186
北线	186
千古绝唱	186
千里	186
半夜	186
半左右	186
华清池	186
单反	186
卷纸	186
压缩	186
叉路口	186
发胶	186
古镇	186
只须	186
可乐	186
吃不上	186
名扬	186
后不着店	186
向前	186
和央	186
咽喉	186
唐	186
四人	186
四人同	186
园	186
国家森林公园	186
垃圾袋	186
城便	186
城后	186
城墙	186
城西	186
堆积	186
堡	186
塞	186
填满	186
备好	186
外套	186
多处	186
多趟	186
大半	186
大哥	186
大唐	186
大型	186
大明宫	186
大雁塔	186
天下人	186
天朗气清	186
天气预报	186
太平洋	186
太重	186
头巾	186
奎星楼	186
女	186
好饭	186
姜茶	186
子妹	186
学生证	186
安详	186
完车	186
实惠	186
寺塔	186
寻求	186
小店	186
小炒	186
小编	186
小航哥	186
小镇	186
就够	186
层层	186
层次	186
山险	186
山高路远	186
川藏公路	186
已冷成	186
广角	186
底裤	186
弯弯的	186
弹坑	186
当日	186
当车	186
很严	186
很多圈	186
微单	186
快门	186
怀揣	186
恐龙	186
恶劣	186
悲剧	186
情书	186
情人	186
情歌	186
慢悠悠	186
慵懒	186
成北	186
成片	186
手机费	186
手电筒	186
打底	186
打电话	186
抢拍	186
护栏	186
护肤品	186
报纸	186
拉肚子	186
拖回	186
拖拉机	186
拦	186
拦下	186
拼	186
挤占	186
换好	186
换成	186
掌上	186
接	186
接好	186
搜集	186
摄	186
摩托	186
摩拜	186
改签	186
放张	186
救心丸	186
救援	186
散落	186
数日	186
整租	186
文化名城	186
无名	186
日游	186
日落时分	186
早些	186
时好时坏	186
晕车药	186
晚点	186
普寺	186
晴朗	186
更杯	186
月份	186
有名	186
有朝一日	186
服装	186
未	186
未央宫	186
来世	186
杨林后	186
柏杨	186
梵禾	186
榜	186
正气	186
正气水	186
此刻	186
此寺	186
比较严重	186
毛肚	186
水杯	186
池	186
汽车站	186
没上	186
没去	186
沿成温	186
注册	186
流域	186
浓	186
清空	186
渐变	186
温暖	186
游乐	186
湿巾	186
滑雪场	186
滑雪运动	186
满天	186
漏气	186
漫长	186
火爆	186
火辣	186
点及	186
点车	186
熬不住	186
片刻	186
狮王	186
玉顶	186
畅通无阻	186
白教	186
盛产	186
看重	186
真冰	186
眼药水	186
石棉	186
石滩	186
确认	186
碰面	186
磁器	186
磕长头	186
秀	186
租好车	186
租给	186
租赁	186
秦始皇陵	186
稍远	186
稻亚	186
窗口	186
窗户	186
第一道	186
篇	186
米饭	186
类型	186
线	186
统统	186
绽放	186
缆车	186
网站	186
美团	186
美图秀	186
美女	186
美颜	186
老黄	186
胎全	186
胸闷	186
脆嫩	186
自然地理	186
艳阳高照	186
芙蓉	186
苍蝇	186
萨达	186
落差	186
藏传	186
蚌	186
行要	186
街	186
补给	186
被查	186
装不下	186
裹进	186
西部	186
观察	186
觐见	186
解放碑	186
订	186
记性	186
讲好	186
贴着	186
赶时间	186
越南	186
跑马山	186
踩点	186
车会	186
车后	186
车胎	186
车要	186
车过	186
车马费	186
转好	186
转转	186
迈勇	186
运动	186
迪卡侬	186
退票	186
选择网络	186
速干	186
遛弯	186
遥遥无期	186
遮阳伞	186
邛	186
邛名	186
醉	186
醉人	186
野车	186
钙化	186
钟楼	186
长安城	186
长焦	186
问好	186
闻名	186
险关	186
雁塔	186
雪地	186
雪橇犬	186
面巾纸	186
面暖暖身	186
革命	186
顶层	186
项目	186
频车	186
颗粒	186
风油精	186
风雪	186
骊山	186
高中	186
高地	186
高铁	186
黄巢	186
黑白	186
10DAY9	185
1145	185
126	185
127	185
140	185
154	185
163	185
166	185
180km	185
2.5	185
210km	185
216	185
217	185
2540	185
260	185
2600m	185
28km	185
2DAY1	185
3200	185
3300	185
3300m	185
34	185
340	185
3750	185
3DAY2	185
400	185
4275	185
4700m	185
4DAY3	185
58	185
5DAY4	185
60km	185
62	185
6DAY5	185
79km	185
7DAY6	185
8000	185
81	185
8DAY7	185
93	185
9DAY8	185
Snapseed	185
baidu	185
iphone6s	185
real	185
weixin	185
zr1000	185
一个月	185
一人	185
一尊	185
一本	185
一般来说	185
一c	185
上报	185
下马	185
不可思议	185
不由自主	185
不累	185
不高	185
两万	185
中国之最	185
中龟	185
临崖且	185
乐观	185
买过	185
事项	185
五六	185
交通工具	185
亮丽	185
亲身经历	185
人去	185
仓促	185
仙乃日峰	185
代表性	185
以备	185
价格上涨	185
佐餐	185
余户	185
佳肴	185
便利	185
保鲜袋	185
修图	185
健身	185
催	185
催得	185
傻傻的	185
僧人	185
充	185
先到	185
克服	185
免费参观	185
兔	185
纱	185
关	185
关闭	185
其	185
写写	185
冰帽	185
冲剂	185
冲锋裤	185
冷得	185
几分钟	185
几十块	185
几百	185
初入	185
e人	185
别问	185
刮	185
前排	185
前提	185
加水	185
务必	185
包括	185
北口	185
匮乏	185
匹	185
区前	185
十月初	185
华兴	185
南下	185
卡西欧	185
即到	185
卷	185
原始	185
去查	185
反着	185
发	185
发达	185
古	185
可带	185
可观	185
台胞	185
台胞证	185
右拐	185
吃水果	185
合口味	185
名称	185
后备	185
后文详	185
向西	185
否则请	185
吹倒	185
味道不好	185
味道鲜美	185
和海子	185
和睦相处	185
品茶	185
哥们	185
哪条	185
唠嗑	185
喝到	185
喝酒	185
	185
嘉戎	185
嘉绒	185
回复	185
回头	185
回家	185
回牛场	185
圈	185
c	185
场地	185
坪	185
基A	185
增加	185
壁画	185
外国人	185
多为	185
多于	185
多有	185
够呛	185
大堂	185
大黄	185
天后	185
太爱	185
太阳帽	185
央迈勇峰	185
奶制品	185
如果说	185
字句	185
存有	185
孤勇	185
学会	185
完善	185
宏伟	185
官W	185
密度	185
寺里	185
尊重	185
小孩	185
小憩	185
小草	185
少量	185
就餐	185
层层叠叠	185
层峦叠嶂	185
居住证	185
山则	185
岔路	185
峰	185
崎岖	185
川剧	185
左下方	185
帐篷	185
常规	185
幢	185
偷	185
湾e	185
干脆	185
平摊	185
幸\	185
幽雅	185
	185
广角镜头	185
序	185
店员	185
V告	185
建h	185
弄	185
弥勒	185
形容	185
往上走	185
很生	185
很J	185
很M	185
後	185
徒步走	185
心得	185
心理准备	185
心血	185
必尝	185
忘	185
快捷	185
急着	185
性价比	185
总共	185
总府	185
总算	185
悠闲地	185
惯用	185
懂用	185
成都市	185
我超	185
户口本	185
所写	185
所赠	185
打动	185
打太多	185
批量	185
把握	185
投身于	185
抗风	185
抢	185
护照	185
护耳	185
报团	185
拍照片	185
拼	185
拼车团	185
指正	185
指示牌	185
挖耳朵	185
探	185
接近	185
搞不懂	185
改名	185
散客	185
断电	185
於	185
旅游景点	185
旅[	185
日隆	185
早点儿	185
明朗	185
星巴克	185
晕倒	185
暴饮暴食	185
更显	185
最具	185
最合适	185
最费	185
最高点	185
月球	185
杜鹃	185
来往	185
杨树林	185
标示	185
树木	185
梦幻	185
祟}	185
C刷C	185
次年	185
次数	185
g迎	185
正前方	185
每条	185
每间	185
毫安	185
庖	185
水性	185
求婚	185
]	185
沟以	185
沟口	185
沟好	185
没花	185
河边	185
河里	185
派上用场	185
海原	185
海后	185
海拨	185
海洋	185
海等	185
渠道	185
游人	185
漫步	185
	185
热开水	185
热水	185
焦	185
熊猫	185
爱好者	185
牌子	185
牧民	185
物质	185
犹豫	185
生态	185
申请	185
电驴	185
竟	185
	185
痛快	185
直行	185
相对来说	185
看清楚	185
看漏	185
看点	185
看^	185
睡眠	185
硬撑	185
磨西镇	185
禁烟	185
私信	185
稀稀落落	185
稀里糊涂	185
C	185
笔	185
第一批	185
第二批	185
米左右	185
精美	185
细读	185
美得	185
羽绒	185
而局	185
而甲居藏	185
联系方式	185
肃穆	185
背	185
自我	185
自拍杆	185
自然风景	185
艰苦	185
节制	185
节省下来	185
节省时间	185
花好	185
茶	185
茶馆	185
药带	185
蔡阿	185
蛮荒之地	185
衣多带	185
表面	185
装	185
装湿	185
要发	185
要选	185
见长	185
观	185
观光	185
规模	185
`e	185
评为	185
评书	185
评论	185
说不清	185
任	185
F一c	185
Y源	185
负担	185
贴身	185
赛跑	185
赤土	185
走不动	185
走得	185
走边	185
越往后	185
跑步	185
路口	185
路牌	185
车窗	185
转车	185
较强	185
运行	185
这人	185
远洋	185
适量	185
@些	185
@e	185
[e	185
酒	185
酥油茶	185
e`	185
铜像	185
链接	185
错	185
错落	185
锻炼身体	185
镇约	185
长袖	185
长裤	185
_心	185
闹心	185
闹肚子	185
防寒保暖	185
阻止	185
隔壁	185
y免	185
需带	185
面向	185
靴	185
顺路	185
风情	185
风景线	185
飞来	185
食品	185
食物	185
饮食	185
饼干	185
R	185
驴	185
骑着	185
w	185
鳞	185
黄色	185
黄金周	185
黄鱼	185
黑色	185
马尔康	144
杰哥	135
小胖	81
老婆	81
同学	72
二哥	63
厦门	63
姑娘	63
兴趣	54
咸鱼	54
哥	54
喇荣	54
炉霍	54
短线	54
龙	54
2017	45
听到	45
多年	45
夜景	45
廊桥	45
民宿	45
激动	45
留下	45
看着	45
秋	45
amp	36
一位	36
一群	36
两年	36
八月	36
口味	36
安	36
完美	36
幺	36
慢慢	36
有没有	36
村里	36
此行	36
理想	36
精品	36
美好	36
赛马	36
跟团	36
转	36
锅盔	36
锦里	36
露出	36
DAY8	27
DAY9	27
C	27
一半	27
一夜	27
一脸	27
一顿	27
七天	27
两点	27
中转	27
丶	27
任性	27
仿佛	27
全程	27
八月份	27
剩下	27
十天	27
南昌	27
厌倦	27
含片	27
周末	27
唱	27
四座	27
坐落	27
好友	27
尚未	27
居多	27
巍峨	27
巧合	27
心心念念	27
惊叹	27
新手	27
旅舍	27
时光	27
机智	27
样子	27
歌唱	27
江南	27
没想到	27
深刻	27
清爽	27
火锅	27
熟悉	27
目标	27
福建	27
红房子	27
纯净	27
翁达	27
自行车	27
般	27
诱惑	27
请假	27
远处	27
那次	27
金秋	27
钟	27
阴雨	27
陈	27
难忘	27
零食	27
顺道去	27
2016	18
call	18
∩	18
一个个	18
一副	18
一大	18
一对	18
一整片	18
一朵	18
一条街	18
一秒	18
一线	18
一遍	18
三点	18
上次	18
上海	18
下降	18
不太	18
不算	18
不适	18
东方	18
为期	18
义工	18
之下	18
之中	18
乐此不疲	18
九曲十八弯	18
习惯性	18
乳	18
二号	18
仅供参考	18
今天天气	18
仙女	18
仲仲	18
优惠	18
作罢	18
佳能	18
促使	18
入睡	18
八天	18
八点	18
八美	18
公司	18
六个	18
六夜	18
六点半	18
兴奋	18
再不去	18
军哥	18
军团	18
军嫂	18
冷风	18
凑出	18
几座	18
动力	18
动车	18
勉强	18
十块钱	18
十月份	18
十点钟	18
单反相机	18
卡车	18
去过	18
双流	18
发车	18
变	18
变化	18
可不	18
吃药	18
后方	18
吸引	18
吸氧	18
周	18
咨询	18
喝些	18
嘻嘻	18
国外	18
地面	18
塞进	18
境内	18
外面	18
多才	18
大块	18
大学	18
大片大片	18
大自然	18
天上	18
天梯	18
太美	18
奈何	18
妹子	18
妹纸	18
娘子	18
安全感	18
安心	18
安逸	18
定下	18
宝宝	18
实际上	18
小城	18
小金	18
少年	18
山头	18
差距	18
巴郎山	18
干净	18
平坦	18
平平安安	18
店铺	18
店长	18
延时	18
张	18
张杰	18
弥漫	18
当做	18
很近	18
快速	18
念念不忘	18
总体	18
怼	18
想要	18
愈发	18
感受一下	18
愿	18
房子	18
拍个	18
挂	18
提到	18
提早	18
插曲	18
携程	18
撒	18
收	18
散	18
整顿	18
文字	18
文殊院	18
旅店	18
无数	18
无比	18
无疑	18
日子	18
映射	18
晒太阳	18
有座	18
木垒	18
枕	18
梦	18
欢乐	18
每人	18
毒	18
水流	18
活动	18
活泼	18
活跃	18
浪费	18
浸染	18
淘宝	18
深度	18
清新	18
温度	18
温馨	18
湖面	18
溃疡	18
溜溜	18
溜达	18
溪流	18
漫天	18
灯火	18
煲	18
牛	18
牛肉	18
独行	18
猪	18
玄乎	18
班次	18
理县	18
璀璨	18
瓶	18
甜	18
甜蜜	18
生	18
电珠	18
相聚	18
省下	18
看不到	18
碧绿	18
祈福	18
神	18
稻田	18
第八天	18
类似	18
粉皮	18
繁星	18
纠结	18
红军	18
纸币	18
终极	18
结婚	18
给出	18
绵绵	18
缺乏	18
网瘾	18
美如画	18
翻看	18
老奶奶	18
耗时	18
耽误	18
聚在一起	18
肚子	18
至少	18
舒服	18
舒适	18
舔	18
航拍	18
莲花	18
落	18
蓝	18
蔓延	18
蛋汤	18
蜜月	18
融化	18
行摄	18
行装	18
西	18
西行	18
觅食	18
视	18
词	18
贴心	18
赠送	18
走走	18
走进	18
车盖	18
进门	18
远去	18
选在	18
通行	18
逛	18
逼	18
那一刻	18
镇子	18
附上	18
难免	18
青草	18
面条	18
音乐	18
风格	18
饺子	18
饼	18
马路	18
高能	18
鬼斧神工	18
鸽子	18
麻酱	18
9	9
1500	9
15283702946	9
2000	9
22	9
2400	9
317	9
342	9
3523201	9
45	9
4513	9
5627900	9
5682320	9
6250	9
66	9
6733289	9
7000	9
7094084	9
800m	9
9.27	9
9.28	9
16-Apr	9
17-Apr	9
18-Apr	9
19-Apr	9
20-Apr	9
21-Apr	9
22-Apr	9
D700	9
D8	9
Day01	9
Day02	9
Day03	9
Day04	9
Day05	9
Day06	9
Day07	9
EveryCloudhasaSilverlining	9
G350	9
P	9
RMB120Day2	9
RMB134Day5	9
RMB155Day4	9
RMB165Day3	9
RMB212Day8	9
RMB220Day6	9
RMB220Day7	9
RMB356	9
S	9
TA	9
T恤	9
U	9
blingbling	9
gt	9
iP6	9
ins	9
ktv	9
led	9
lt	9
u200d	9
一一对	9
一一道来	9
一两个	9
一列	9
一号	9
一号线	9
一块钱	9
一坡	9
一处	9
一大群	9
一夫当关	9
一宿	9
一幅	9
一截	9
一把	9
一拍即合	9
一排排	9
一支	9
一整块	9
一是	9
一条龙	9
一点点	9
一煲	9
一百分	9
一百多元	9
一盒	9
一看	9
一秒钟	9
一笼	9
一级	9
一股	9
一腔	9
一色	9
一角	9
一轮	9
一辆辆	9
一部	9
一间	9
一队	9
一首	9
一首歌	9
七千	9
七月份	9
万万	9
万事俱备	9
三人间	9
三十分钟	9
三场	9
三年	9
三床	9
三百多	9
三镜	9
上半年	9
上图	9
上帝	9
上撒隆	9
上文	9
上花	9
上路	9
下回分解	9
下旬	9
下班	9
下行	9
下载	9
不减	9
不及	9
不同于	9
不堵车	9
不太会	9
不愁	9
不期而遇	9
不由	9
不留情面	9
不禁	9
不舍昼夜	9
不要脸	9
不解之缘	9
不飞	9
专辑	9
世之	9
丝毫	9
丢失	9
两位	9
两倍	9
两季	9
两岸	9
两晚	9
两机	9
两条	9
两条腿	9
两沓隆	9
两百块	9
两面	9
严	9
严肃	9
中是	9
中秋节	9
中继站	9
中蜂	9
中起	9
为啥	9
主角	9
主题曲	9
丽水	9
久车	9
久违	9
之兆	9
之多	9
之歌	9
之行	9
之观	9
之风里	9
乐园	9
乐意	9
乐评	9
乐趣	9
九九八十一	9
九号	9
九寨沟	9
九日	9
九月	9
习俗	9
买好	9
买菜	9
事宜	9
事是	9
二十分钟	9
二是	9
云儿	9
云台	9
云层	9
云影	9
云遮	9
互动	9
五个	9
五六个	9
五六十	9
五十公里	9
五十多	9
五月	9
五条	9
五瓶	9
五音不全	9
交相辉映	9
交织	9
亲	9
亲切	9
亲密	9
亲眼见到	9
亲近	9
人多	9
人头	9
人座	9
人情	9
人潮	9
人烟	9
人配	9
人间	9
人间仙境	9
人魂	9
亿万	9
仁丹	9
今年年底	9
介意	9
从来不	9
从洛绒	9
仔细检查	9
他会	9
仙鹤	9
令人	9
以内	9
以防	9
仰角	9
仲仲妹	9
价格便宜	9
伏案	9
伏笔	9
优点	9
伙伴	9
伙食	9
会卖	9
会合	9
会带	9
会晤	9
会租	9
伞端	9
伤	9
伫立	9
伴着	9
伸手不见五指	9
体贴	9
何其	9
何物	9
佛教	9
侄女	9
侄子	9
供	9
供奉	9
依次	9
侧	9
便民	9
俊	9
保温	9
保留	9
保险杠	9
保鲜膜	9
信其	9
修来生	9
修通	9
修饰	9
候车	9
借给	9
偏	9
偏僻	9
偏向	9
做法	9
停住	9
停运	9
偶像剧	9
偶然间	9
傲寒	9
傻	9
像不像	9
像是	9
僧侣	9
充斥	9
充气	9
充沛	9
先上	9
先回到	9
先奉	9
先定	9
光桑	9
光泽	9
光环	9
兜风	9
入	9
入夜	9
入心	9
入眸	9
八个	9
八分饱	9
八块	9
八小时	9
八百多	9
六人组	9
六点	9
六百年	9
共用	9
关注	9
兴致	9
兴致勃勃	9
其三	9
其四	9
内含	9
内蒙	9
内裤	9
再厚	9
再来	9
再美	9
冒雨	9
农作物	9
冥冥之中	9
冬雨	9
冰雪	9
冰雪消融	9
冰雹	9
冲冲	9
冲击	9
净	9
准备充分	9
凉	9
减短	9
几层	9
几根	9
几篇	9
出乎	9
出名	9
出场	9
出租车	9
出趟	9
分心	9
分散	9
分给	9
分装	9
切磋	9
切身	9
划	9
划过	9
列车	9
初春	9
初次	9
别致	9
制定	9
刷抖音	9
刺眼	9
刻骨铭心	9
前半段	9
前夕	9
前路	9
剧	9
剪辑	9
加持	9
加油	9
动人	9
动身	9
劲	9
劲儿	9
劳动力	9
包袱	9
包车去	9
匆匆忙忙	9
北上	9
十	9
十一点左右	9
十个	9
十五	9
十五分钟	9
十号	9
十瓶	9
十米	9
千与千寻	9
千分之一	9
千姿百态	9
千山万水	9
千米	9
午后	9
午餐时间	9
半年前	9
华丽	9
卓玛	9
单程	9
单调	9
卢	9
印象	9
危险性	9
却是	9
卸下	9
卸妆液	9
历程	9
历经	9
压低	9
厚到	9
厚厚的	9
厚脸皮	9
原以为	9
原则	9
原片	9
原谅	9
去一趟	9
去甲	9
参半	9
友谊	9
双	9
双翅	9
双鱼	9
反复	9
发上来	9
发到	9
发散	9
发来	9
发现自己	9
取经	9
变得	9
口感	9
口服	9
口碑	9
口腔	9
古朴	9
古都	9
只会	9
只到	9
只想	9
只收	9
只欠东风	9
叫绝	9
可愁	9
可谓	9
台	9
台风	9
吃不下	9
吃点	9
各季	9
各有	9
各有特色	9
吉他	9
同事	9
同路人	9
同龄	9
名不虚传	9
名叫	9
后人	9
后先	9
后半段	9
后怕	9
后文	9
后花园	9
向往已久	9
向来	9
吝惜	9
含一	9
含量	9
吵吵嚷嚷	9
吸	9
吸引住	9
吹	9
吹过	9
吹风	9
吼吼	9
告一段落	9
呕吐	9
周到	9
呼伦贝尔	9
呼啸而过	9
和善	9
和蔼可亲	9
和谐	9
咬一口	9
哆嗦	9
哇偶	9
哒	9
哗啦啦	9
哥帮	9
哥撒隆	9
哥说	9
哪里找	9
唆	9
唯二	9
唯美	9
商业	9
商议	9
商量	9
	9
喊	9
喜出望外	9
喜怒	9
喝多	9
嗤之以鼻	9
嚼	9
四五年	9
四川省阿坝藏族羌族自治州	9
四手	9
四日游	9
四点	9
回想	9
回报	9
回答	9
回首	9
因幺妹	9
因秋	9
因素	9
团给	9
团能	9
围着	9
国画	9
图个	9
图腾	9
圆满结束	9
土拨鼠	9
土豆	9
土黄	9
在建	9
在所难免	9
地利	9
地后	9
地怨	9
地来	9
坏	9
坐下	9
坑	9
块钱	9
坦陈	9
垂涎三尺	9
型	9
垫背	9
埋	9
基调	9
堪比	9
塞入	9
塞满	9
填饱	9
增设	9
墨水	9
士力架	9
声势	9
声名	9
壶	9
处地	9
备有	9
复制	9
夏季	9
夏日	9
夕阳余晖	9
外号	9
外墙	9
外表	9
多事之秋	9
多双	9
多变	9
多难	9
多雨	9
夜游	9
夜路	9
够	9
大假	9
大叔	9
大名鼎鼎	9
大地	9
大姑娘	9
大家伙	9
大摇大摆	9
大晴天	9
大桥	9
大火	9
大炮	9
大热	9
大疆	9
大白	9
大老远	9
大街	9
大西北	9
大计	9
大象	9
大雨	9
大雨倾盆	9
大鸣大放	9
大龄	9
天下英雄	9
天刚	9
天南地北	9
天吃	9
天府之国	9
天时	9
天色已晚	9
天蓝	9
天长地久	9
太婆	9
太小	9
太极	9
太累	9
太过	9
太阳	9
太饿	9
太高	9
夫妻	9
失恋	9
头上	9
奇伟	9
奇女子	9
奇异	9
奔驰	9
套餐	9
女子	9
女孩子	9
女生	9
奶奶	9
好久	9
好了吗	9
好几个	9
好几处	9
好几百	9
好吃	9
好后	9
好处	9
好多	9
好客	9
好日子	9
好脾气	9
好觉	9
好远	9
如屏	9
如水	9
如织	9
妈呀	9
妹妹	9
妹峰	9
姐妹	9
姐姐	9
姐弟	9
婚礼	9
子	9
子梅	9
字典	9
学	9
孩纸们	9
宁可信其有	9
安徽	9
安慰	9
安检	9
安静下来	9
安顿	9
安顿下来	9
完小	9
定得	9
宝兴	9
宝地	9
客人	9
宫崎骏	9
宰杀	9
家拿上	9
家里	9
宽广	9
宽裕	9
宿色	9
密密匝匝	9
密布	9
富力	9
寒意	9
寨楼	9
对杰哥	9
寻觅	9
封路	9
小伙	9
小分队	9
小别墅	9
小包	9
小半瓶	9
小团	9
小女孩	9
小妹妹	9
小拇指	9
小金县	9
小露	9
小额	9
少女	9
少男少女	9
尚早	9
就加	9
就让	9
就象	9
尽力	9
尾巴	9
层次感	9
居	9
居藏	9
屏幕	9
展现	9
山坳	9
山海拔	9
山脊	9
山脚下	9
山腰上	9
山谷	9
山道	9
岛	9
岛屿	9
崖洞	9
崩溃	9
川味	9
川菜馆	9
工作人员	9
工具	9
工商	9
左一	9
左三	9
左下角	9
左二	9
左五	9
左四	9
巧	9
巧遇	9
巨隆	9
差异	9
已属	9
已有	9
巴嗦	9
帅气	9
带个	9
带多厚	9
带我去	9
带浴卫	9
带点	9
常备	9
常年	9
常驻	9
干	9
平常	9
平平	9
平整	9
平缓	9
年轻	9
并不大	9
并存	9
幻想	9
幽默	9
广场	9
广袤	9
广阔	9
庆幸	9
应景	9
庞然	9
度到	9
度蜜月	9
座位	9
座落在	9
康巴汉子	9
延误	9
建成	9
开去	9
开夜车	9
开放	9
开朗	9
开来	9
开浪	9
开点	9
开着	9
开着车	9
开阔	9
异常	9
张嘴	9
弥漫着	9
弥补	9
弯曲	9
弱不禁风	9
弹	9
强	9
强大	9
强烈要求	9
当季	9
彪悍	9
往后	9
征程	9
待本囡	9
很久	9
很具	9
很难	9
得惯	9
微博约	9
微笑	9
心上人	9
心不跳	9
心安	9
心愿	9
心满意足	9
心理	9
心疼	9
心里有底	9
忌惮	9
忌讳	9
志同道合	9
忘言	9
快乐	9
性格	9
恋地	9
恐怖片	9
恰是	9
悠悠闲闲	9
悠扬	9
悠然	9
患有	9
悬崖	9
情侣	9
情怀	9
情愫	9
情话	9
惊人	9
惊呼	9
惋惜	9
惦记	9
想来	9
想法	9
想用	9
意料之外	9
感叹	9
感同身受	9
慈祥	9
慌	9
憋不住	9
懒	9
成型	9
成熟	9
成立	9
成都酒店	9
我俩	9
我剧	9
我吃加	9
户	9
房东	9
房间内	9
所用	9
手持	9
手牵手	9
手袜	9
才艺	9
扒拉	9
打扫	9
打造	9
扛着	9
扩充	9
扫地	9
找个	9
找回	9
找零	9
技术	9
抓紧时间	9
投射	9
抗高反	9
折多	9
折返	9
抛在后面	9
护发素	9
护肤用品	9
披星戴月	9
抱太大	9
抵不过	9
抽不出	9
拂过	9
担忧	9
拆	9
拆迁	9
拉客	9
拌匀	9
拍到	9
拖延	9
拖鞋	9
拙劣	9
招牌	9
拜佛	9
拥抱	9
拥有	9
拽	9
拿来	9
指望	9
按部就班	9
挑选	9
挠	9
挡泥板	9
挣扎	9
挥之不去	9
挨批	9
挺厚	9
挺大	9
挺拔	9
捏了一把汗	9
捕捉到	9
换车	9
掉	9
掐着	9
排起	9
探索	9
探讨	9
接上	9
接机	9
接踵而来	9
推送	9
措的	9
措若	9
提出	9
提示	9
提神	9
揪心	9
搁置	9
搞定	9
搭	9
搭车	9
携手	9
摄友	9
摆	9
摇晃	9
摇椅	9
摔	9
撇	9
撑	9
撒到	9
撒隆达	9
撩	9
撸	9
擦	9
擦干	9
支付	9
收收	9
改为	9
改道	9
攻城	9
放下	9
放凉	9
放松	9
放眼望去	9
放空	9
放肆	9
散开	9
散步	9
散粉	9
数树	9
敲定	9
敲打	9
斑斓	9
斜阳	9
断续	9
新浪	9
新西兰	9
新闻	9
新鲜	9
新龙	9
方法	9
旁边	9
旅馆	9
旖旎	9
旗下	9
无人	9
无人机	9
无可	9
无可挑剔	9
无恙	9
无情	9
无数次	9
无暇	9
无言	9
无话可说	9
无限	9
日夜	9
早已	9
早机	9
时不时	9
时刻	9
时空	9
昂	9
明丽	9
明媚	9
明明白白	9
明水	9
昏暗	9
星星	9
星辰	9
映	9
映像	9
映入眼帘	9
春夏	9
春夏秋冬	9
春秋	9
春舍	9
昨天	9
显眼	9
晋级	9
晚回	9
晚夏	9
晚期	9
晴	9
晴天	9
智云	9
暖暖的	9
暮鼓晨钟	9
暴走	9
暴雨	9
暴雪	9
曝光	9
更大	9
更新	9
更近	9
最为	9
最想	9
最新	9
有余	9
有假	9
有加	9
有家	9
有幸	9
有意	9
有水	9
有点像	9
有生之年	9
有种	9
有空	9
有说有笑	9
有路	9
服	9
服输	9
服饰	9
期盼	9
期许	9
朦朦胧胧	9
未来	9
未经	9
本应	9
杂务缠身	9
杂音	9
村庄	9
来临	9
来得	9
来时	9
杯面	9
架个	9
某种	9
柔	9
柔柔的	9
查看	9
标准化	9
标记	9
根	9
格桑花	9
桌面壁纸	9
桑格花	9
桥梁	9
梦回	9
棉花	9
棉衣	9
棉裤	9
棒	9
棒棒	9
森林草原	9
楼下	9
楼主	9
楼层	9
楼顶	9
横亘	9
横跨	9
欠	9
欢快	9
欣然同意	9
欲	9
欲仙欲死	9
歇息	9
正好	9
正当	9
正欢	9
正殿	9
正确	9
正经事	9
正题	9
此图	9
此时此刻	9
此番	9
步枪	9
武侯祠	9
死皮赖脸	9
殊胜	9
残党	9
残破	9
毅然	9
毋庸置疑	9
每一处	9
毒入	9
比例	9
比较忙	9
比较落后	9
毕生	9
毛病	9
毫不犹豫	9
气势	9
气息	9
水不热	9
水土不服	9
水太少	9
水流声	9
水面	9
江南水乡	9
江浙	9
江西	9
污泥	9
汶川	9
汹涌	9
沉	9
沉沦	9
沓	9
沙发	9
没多	9
没多久	9
没想	9
没用	9
没缓	9
没能	9
油画	9
油罐车	9
治愈	9
沾满	9
沿海	9
泉州	9
波	9
波光	9
波瓦	9
注	9
注意力	9
泰顺	9
洁白	9
洒	9
洗	9
洗净	9
洗礼	9
洗面奶	9
洪	9
活宝	9
活蹦乱跳	9
流云	9
流年	9
流浪	9
流量	9
浅黄	9
浇灭	9
浓郁	9
浪花	9
浮光掠影	9
海则	9
海螺	9
淋	9
淋浴	9
淋漓尽致	9
淡季	9
淡淡的	9
深夜	9
深红	9
清一色	9
清澈	9
清澈见底	9
清风	9
渐入佳境	9
渐高	9
温饱	9
渲染	9
游伴	9
游历	9
游说	9
湖南	9
湿漉漉	9
源自	9
滇行	9
滑下去	9
滚烫	9
满座	9
满满的	9
满足要求	9
满载	9
漫山	9
漫山遍野	9
漫漫	9
漳州	9
澄澈	9
激情	9
激起	9
火烧云	9
火热	9
灰蒙蒙	9
炊烟袅袅	9
炒鸡	9
炸酱面	9
点半	9
点点头	9
点缀着	9
烈日	9
烙	9
烟火	9
烤	9
热腾腾	9
热血	9
热门	9
焦香	9
熏	9
熠熠	9
熬夜	9
爆	9
爬升	9
牛肉干	9
牦牛肉	9
特地	9
特警	9
狂风骤雨	9
狐假虎威	9
狗仔队	9
狗血	9
狭路相逢	9
狮	9
猜得到	9
玉米饼	9
王	9
王怼	9
玩完	9
环游	9
现已	9
珍惜	9
理由	9
理解	9
瑰	9
瑰丽	9
璀白	9
甘堡	9
甜甜的	9
生死	9
生活照	9
生物钟	9
用具	9
用到	9
田野	9
电三轮	9
电子	9
电源	9
电脑	9
男生	9
画卷	9
畅	9
畏高	9
留存	9
留宿	9
留念	9
略能	9
略过	9
疲态	9
病入膏肓	9
病困	9
症	9
痛苦	9
登山者	9
登机	9
白到	9
白雪皑皑	9
百来户	9
百爪	9
皮	9
盆地	9
盒子	9
盘绕	9
盛开	9
盛放	9
目光	9
目睹	9
相合	9
相处	9
相形之下	9
相约	9
相逢	9
眉笔	9
看似	9
看官	9
看蓝到	9
真切	9
真想	9
真高反	9
眺望	9
眼帘	9
眼里	9
眼霜	9
着实	9
着迷	9
着重	9
着陆	9
睡不着	9
睡不醒	9
睡个	9
睡会	9
睡得	9
睡衣	9
睡袋	9
睡醒	9
瞎	9
瞎忙活	9
短板	9
短短的	9
破烂	9
硕大	9
硬	9
硬币	9
确切的说	9
碗	9
碧青	9
磕磕碰碰	9
磨磨蹭蹭	9
磨蹭	9
磨难	9
示弱	9
祁连山脉	9
祈愿	9
神情	9
神魂颠倒	9
福建厦门	9
福音	9
秋之行	9
秋叶	9
秋高气爽	9
种种原因	9
种草	9
科拉	9
秒	9
租辆	9
称	9
称不上	9
称呼	9
称得上	9
稍有不慎	9
稳重	9
稻穗	9
稻香	9
穷	9
空有	9
空气	9
空气流通	9
空闲	9
立交桥	9
童鞋	9
笔直	9
第一件	9
第一处	9
第一篇	9
第一缕	9
第一顿	9
第二个	9
笼罩	9
答应	9
策划	9
算有	9
篇幅	9
类产品	9
粉	9
粉底液	9
粉饼	9
粗细	9
精力过剩	9
精神	9
糖	9
糖果	9
素有	9
素来	9
紧迫	9
絮絮叨叨	9
繁花似锦	9
红心	9
红油	9
红眼	9
红黄绿	9
纯金	9
纷杂	9
纷纷表示	9
纸	9
纸巾	9
纸能	9
线路图	9
细数	9
细细的	9
经堂	9
经新龙	9
经杰哥	9
结下	9
结心	9
结拜	9
结论	9
络绎不绝	9
绝望	9
绝美	9
继续前进	9
续命	9
维生素	9
绵延不断	9
绵阳	9
绸带	9
绿	9
缓缓	9
缠	9
缠绵	9
缥缈	9
缩短	9
网定	9
网易	9
网红之选	9
置身	9
羊	9
羌寨	9
美中不足	9
美味	9
美少女	9
美誉	9
美貌	9
羡慕	9
群山	9
群里	9
翠林	9
翠蓝	9
翡绿欲滴	9
翻开	9
老不出	9
老乡	9
老城区	9
老店	9
老百姓	9
而杰哥	9
而立	9
耍	9
耐心	9
耗费	9
耳后	9
耳塞	9
耳机	9
聊起	9
聚会	9
聪明	9
肉	9
肉夹馍	9
肉类	9
肥肠	9
背夫	9
背山	9
胜地	9
能望	9
能歌善舞	9
能见度	9
脂肪	9
脉	9
脑海	9
脑海中	9
脚架	9
脱身	9
脸庞	9
脸罩	9
腮红	9
腿	9
自作孽	9
自有	9
自然而然	9
自然风光	9
自虐	9
自评	9
舍弃	9
舒缓	9
航站楼	9
艰辛	9
色达县	9
色达里	9
色达镇	9
艳丽	9
花椒粉	9
花椒面	9
苍劲	9
苏州	9
苏醒	9
苗条	9
若尔盖	9
若干	9
苦	9
苦乐	9
苦心	9
茶座	9
药都	9
莫大	9
莫过于	9
菌菇	9
菜	9
菜拉上	9
营业	9
萧瑟	9
落后	9
蒙	9
蒙蒙	9
蒙蒙亮	9
蒸饺	9
蓝得	9
蓝牙	9
蔬菜	9
薄到	9
薄雾	9
藏家	9
藏居	9
藏式	9
虎跳峡	9
蚊子	9
蛋糕	9
蜀	9
蜂蜂	9
蠢蠢欲动	9
行军	9
行囊	9
行走	9
行车时间	9
街上	9
补眠	9
表弟	9
表情	9
表演	9
衬得	9
被窝	9
被迫	9
袭	9
褒奖	9
褪去	9
西去	9
西天	9
西而行	9
覆盖	9
见过	9
观光者	9
警局	9
订票	9
记事	9
记住	9
记忆里	9
讲究	9
讲讲	9
许下	9
评级	9
词条	9
词汇	9
词藻	9
诚挚	9
话梅	9
诠释	9
该定	9
说不定	9
说好	9
说说笑笑	9
诸多	9
诺言	9
调整	9
调料	9
谈不上	9
谈论	9
谢娜	9
谨慎	9
豪华	9
负罪感	9
负荷	9
购价	9
购置	9
贯通	9
贴	9
费	9
赏赐	9
赞不绝口	9
赤裸裸	9
走走停停	9
走路	9
走近	9
赶完	9
赶慢	9
赶着	9
起伏	9
起山来	9
起点	9
超	9
超好	9
超棒	9
超超	9
越发	9
足	9
足足	9
跃跃欲试	9
跋涉	9
跑	9
跑来跑去	9
跨上	9
跨出	9
跪	9
路值	9
路灯	9
路线图	9
踌躇	9
踏遍	9
踩	9
身不由己	9
身后	9
身子	9
身形	9
身心	9
身旁	9
身材	9
车技	9
车牌	9
车载	9
车里	9
车队	9
转角	9
软软	9
轻	9
轻信	9
轻易	9
轻盈	9
较长	9
辣味	9
辣椒	9
辨	9
过意不去	9
过桥	9
过硬	9
过程	9
过高反	9
迈出	9
迎客	9
迎接	9
运动鞋	9
运输	9
近在眼前	9
还会	9
这么晚	9
这块	9
这大胃	9
这天	9
这座	9
这有	9
这条线	9
这真	9
这话	9
这趟	9
这部	9
进食	9
远亲	9
远光灯	9
远在天边	9
远山	9
远看	9
远离	9
远行	9
远远不够	9
连看	9
连绵	9
连降	9
迭生	9
迷宫	9
迷茫	9
追随	9
退堂鼓	9
退房	9
送到	9
适宜	9
适逢	9
逃不掉	9
选歌	9
透	9
透不出	9
透露	9
途牛	9
通红	9
造化	9
遂	9
遥望	9
遥遥相望	9
遮掩	9
邂逅	9
邛崃山	9
那才	9
那段	9
那部	9
都还没	9
鄙视	9
酌情	9
配饰	9
酱料	9
酱油	9
醒来	9
采用	9
采的景	9
释放	9
里程	9
重心	9
重游	9
重聚	9
野炊	9
野生	9
金光	9
金牛	9
钟到	9
铁轨	9
铁链	9
铜镜	9
银行卡	9
铺就	9
键盘	9
长年	9
长廊	9
长征	9
长期	9
长沙	9
长龙	9
闪耀	9
问候	9
问小	9
闯入	9
闺蜜们	9
闻一闻	9
阅读	9
阑珊	9
阡陌	9
防身	9
阳光明媚	9
阴	9
阴晴	9
阵雨	9
阶级	9
阿尔卑斯山	9
陆续	9
陈粒	9
陈绮贞	9
陌生	9
降低	9
降到	9
陕西	9
院子	9
险象	9
险远	9
隆达	9
随之	9
随处	9
随处可见	9
随意	9
隐秘	9
隔离霜	9
难以	9
难以忘怀	9
难熬	9
雄峻	9
集中式	9
集美	9
雕刻	9
雨势	9
雨城	9
雨崩	9
雨雪	9
雪域	9
雪花	9
雪迹	9
零钱	9
雾灯	9
雾罩	9
需一	9
需时	9
震慑	9
霜	9
露营	9
露过	9
青春年少	9
青海湖	9
青涩	9
青稞酒	9
青菜	9
静美	9
静默	9
面	9
面一笼	9
面不改色	9
面基	9
面膜	9
面都	9
面霜	9
靴子	9
鞋套	9
韵	9
顶	9
顺德	9
顺手	9
顾名思义	9
顾胜	9
预告片	9
预备	9
预约	9
预警	9
预计	9
预防	9
颈	9
额	9
风向	9
风吹	9
风土人情	9
风险	9
风雨飘摇	9
风霜	9
飘起	9
飘过	9
飞快	9
飞梦绕	9
飞雪	9
食宿	9
饭	9
饭前	9
饱受	9
饱和度	9
饱览	9
饱餐	9
饿着肚子	9
馅饼	9
馈赠	9
馒头	9
首	9
首歌	9
香气	9
香港	9
香蕉	9
马不停蹄	9
马儿	9
马E	9
驴友们	9
驶往	9
驾照	9
驾驶	9
驿站	9
骚年	9
骨头	9
骨髓	9
高冷	9
高反弱	9
高楼	9
高空	9
魅力	9
鸡	9
鸡蛋	9
麻	9
麻哥面	9
麻将	9
黑车	9
鼻	9
Ｄ	9
??	9
??	9
??	9
??	9
??	9
??	9
??	9
