 ,34107
!,18
"""",394
&,18
',73714
(,1888
),1712
*,13596
+,1696
",",34320
-,42334
.,11942
..,18
...,1171
....,9
......,9
/,3475
0,185
00,937
09,9
1,5255
1.2,187
1.5,372
10,3382
100,195
106,187
10DAY9,185
11,970
110,748
1145,185
12,1322
120,562
12306,186
126,185
127,185
13,370
14,400
140,185
15,593
150,946
1500,9
150km,370
151km,186
15283702946,9
154,185
15L,188
16,560
160,375
163,185
166,185
17,376
170,561
172,186
18,370
1800,186
180km,185
19,187
1922,188
1928,188
1935,186
1949,188
1997,188
2,4530
2.5,185
20,2627
200,560
2000,9
2001,376
2002,188
2009,188
2014,197
2015,403
2016,18
2016.10,1665
2017,45
2017.10,195
2018,204
210km,185
216,185
217,185
22,9
220,188
2220,188
24,188
2400,9
2540,185
258,186
26,195
260,185
2600m,185
27,390
288,372
28km,185
29,195
290,188
2900,564
2DAY1,185
3,4524
3.5,374
30,4402
300,948
3000,383
3008,376
317,9
318,2921
3200,185
3210,188
3300,185
3300m,185
34,185
340,185
3400,752
342,9
3437,186
35,382
350,188
3500,197
3523201,9
35W,195
360,188
3600,188
3685,195
3700,376
3750,185
39,187
390,188
3900,188
3DAY2,185
4,2453
40,744
400,185
4000,1130
4014,187
410,188
4200,374
4275,185
4298,400
4400,197
4412,372
4420,186
45,9
450,383
4500,755
4513,9
4600,206
4659,372
4696,187
4700,562
4700m,185
4718,372
4800,188
4962,186
4DAY3,185
5,4897
5.4,197
5.5,187
50,748
500,187
5000,187
512,197
530,373
5627900,9
5682320,9
576,186
58,185
5D4,195
5DAY4,185
6,2504
60,582
60km,185
62,185
6250,9
650,186
6578948,186
66,9
6733289,9
6874436,186
6DAY5,185
7,3419
70,755
70%,197
7000,9
7094084,9
72,187
7556,196
78,187
79km,185
7DAY6,185
8,1173
80,1506
8000,185
800m,9
81,185
8476306,186
8DAY7,185
9,1752
9.27,9
9.28,9
90,384
900,188
9000,195
93,185
95,187
96%,188
98,370
999,186
9DAY8,185
:,6479
;,54
=,1538
>,1665
?,561
@,9
A,18
App,558
April16,9
April17,9
April18,9
April19,9
April20,9
April21,9
April22,9
C,187
CF,186
D,360
D1,233
D2,224
D3,215
D4,215
D5,206
D6,215
D7,215
D700,9
D8,9
DAY1,418
DAY2,233
DAY3,233
DAY4,233
DAY5,233
DAY6,233
DAY7,215
DAY8,27
DAY9,27
Day01,9
Day02,9
Day03,9
Day04,9
Day05,9
Day06,9
Day07,9
Day1,576
Day10,186
Day11,186
Day12,186
Day13,186
Day2,753
Day3,753
Day4,753
Day5,372
Day6,372
Day7,186
Day8,372
Day9,186
EveryCloudhasaSilverlining,9
G318,1701
G350,9
LR,555
LostHorizen,376
P,9
PS,929
Ps,187
Q1,197
Q2,197
Q3,197
RMB120Day2,9
RMB134Day5,9
RMB155Day4,9
RMB165Day3,9
RMB212Day8,9
RMB220Day6,9
RMB220Day7,9
RMB356,9
S,9
S201,374
S217,373
SD,186
Shangri,188
Snapseed,185
TA,9
T恤,9
U,9
Y548,374
\,383
_,9
amp,36
app,186
baidu,185
blingbling,9
call,18
cn,603
gt,9
html,603
http,603
i,603
iP6,9
ins,9
iphone6s,185
ktv,9
la,188
led,9
lt,9
mafengwo,603
max,188
ok,188
or,187
ps,383
real,185
stonex5,186
suv,188
u200d,9
weixin,185
www,603
zr1000,185
~,1069
·,1127
–,27
—,6076
“,7294
”,7668
…,15229
⃣,930
℃,185
↑,9
→,5610
∩,18
⋯,1504
①,370
②,370
③,370
═,22940
▷,187
☆,1480
⚠,187
⛰,187
❄,187
❤,187
、,35016
。,99983
《,1923
》,1923
『,36
』,36
【,5142
】,5142
一,3674
一一对,9
一一道来,9
一万只,187
一下,2691
一下子,385
一世,195
一丝,215
一两个,9
一个,12213
一个个,18
一个半,186
一个月,185
一些,1772
一人,185
一件,194
一份,187
一会,242
一会儿,195
一位,36
一侧,186
一共,214
一出,188
一切,412
一切都是,188
一列,9
一副,18
一半,27
一双,385
一口气,563
一句,388
一只,187
一台,204
一号,9
一号线,9
一名,375
一吨,186
一周,566
一回,187
一团漆黑,197
一圈,215
一场,577
一块,186
一块块,186
一块钱,9
一坡,9
一处,9
一夜,27
一大,18
一大早,194
一大群,9
一天,3444
一夫当关,9
一定,2351
一家,771
一家人,188
一宿,9
一对,18
一封,186
一尊,185
一小,224
一层,379
一山,188
一山高,188
一带,188
一幅,9
一年,372
一度,187
一座,1701
一张,821
一截,9
一把,9
一拍即合,9
一拨,394
一排,187
一排排,9
一支,9
一整块,9
一整天,380
一整片,18
一日,562
一日游,186
一旦,188
一早,768
一时,9
一是,9
一晚,578
一曲,186
一望无际,196
一期,186
一本,185
一朵,18
一条,400
一条街,18
一条龙,9
一来,197
一样,1597
一根,197
一模一样,188
一次,1967
一次性,206
一步,579
一段,594
一段时间,187
一段路,373
一波,196
一点,2306
一点点,9
一煲,9
一片,1557
一班,556
一瓶,187
一生,188
一番,558
一百分,9
一百多元,9
一盒,9
一目了然,188
一直,2370
一看,9
一眼,204
一碗,204
一种,411
一秒,18
一秒钟,9
一笼,9
一箱,188
一篇,1147
一系列,186
一级,9
一线,18
一群,36
一股,9
一脸,27
一腔,9
一般,1540
一般来说,185
一般般,197
一色,9
一行,186
一览,187
一觉,373
一角,9
一起,1802
一趟,197
一路,5200
一路上,1138
一身,196
一车,186
一轮,9
一辆,390
一辆辆,9
一边,18
一进,186
一遍,18
一道,194
一部,9
一部分,373
一针,187
一闯,188
一间,9
一队,9
一阵,573
一面,9
一顿,27
一颗,384
一首,9
一首歌,9
一點,185
七,372
七千,9
七天,27
七年,975
七月份,9
七点,195
万一,188
万万,9
万事俱备,9
万亩,1126
万全,188
万达,186
万里,186
三,412
三个,390
三五成群,187
三人,195
三人间,9
三十分钟,9
三地,376
三场,9
三大,389
三年,9
三床,9
三座,1504
三日,197
三条,752
三点,18
三百多,9
三绝,187
三脚架,204
三镜,9
上,11786
上下,197
上午,1313
上半年,9
上去,197
上图,9
上坡,555
上山,775
上帝,9
上床睡觉,188
上报,185
上撒隆,9
上文,9
上方,188
上映,372
上次,18
上海,18
上爬,188
上班,197
上空,186
上能,188
上花,9
上路,9
上边,188
上述,186
上面,371
下,4796
下午,3059
下单,186
下去,194
下回分解,9
下图,752
下坡,187
下定决心,195
下山,2066
下文,188
下方,186
下旬,9
下来,1338
下榻,188
下次,186
下班,9
下着雨,195
下行,9
下起,188
下车,1520
下载,9
下过,195
下降,18
下雨,771
下雪,392
下面,607
下马,185
下马威,188
不,12818
不一会儿,186
不为,186
不为过,188
不久,188
不了,27
不仅,194
不会,1203
不住,197
不依不饶,187
不再,204
不减,9
不到,1332
不化,188
不去,197
不及,9
不可,379
不可多得,188
不可思议,185
不同,763
不同于,9
不含糊,187
不堪,376
不堵车,9
不多,186
不太,18
不太会,9
不好,791
不好意思,187
不如,185
不定,9
不容,188
不少,36
不巧,9
不得不,959
不得了,9
不必,188
不忍,188
不怎么,185
不怕,187
不想,1683
不愁,9
不懈,188
不择手段,188
不收,187
不敢,384
不断,766
不是,3183
不曾,9
不期而遇,9
不来,187
不比,194
不满,188
不然,381
不甘示弱,188
不用,576
不由,9
不由得,186
不由自主,185
不留情面,9
不知,195
不禁,9
不算,18
不管,197
不累,185
不经意,9
不能,1890
不舍昼夜,9
不行,372
不要,3275
不要脸,9
不解之缘,9
不论,188
不论是,188
不输,197
不过,2374
不过如此,188
不远,381
不远千里,186
不适,18
不错,2466
不长,195
不顺,188
不飞,9
不高,185
与,3184
与其,18
专业,392
专用,188
专辑,9
专门,185
且,9
世之,9
世人,385
世外桃源,561
世界,2670
世界级,188
世纪,188
世达赖,557
丛山峻岭,188
东东,188
东南,188
东方,18
东西,768
东达山,187
东部,188
丝毫,9
丢失,9
两,215
两万,185
两三个,186
两个,1955
两人,373
两位,9
两倍,9
两公里,188
两天,1525
两季,9
两山,188
两岸,9
两年,36
两座,188
两日游,186
两晚,9
两有,186
两机,9
两杆,188
两条,9
两条腿,9
两条路,188
两沓隆,9
两点,27
两百块,9
两种,558
两者,188
两边,194
两面,9
严,9
严格,188
严肃,9
严重,196
个,6110
个人,1309
个人感觉,370
个别,384
个城,188
个慢,187
中,5548
中下旬,197
中午,1508
中古,197
中国,1710
中国之最,185
中国工农红军,186
中川,188
中心,1167
中旬,188
中是,9
中毒,204
中焦,186
中甸县,561
中秋节,9
中称,188
中继站,9
中而为,188
中蜂,9
中起,9
中路,188
中转,27
中途,394
中间,794
中龟,185
丰富,9
串串,186
临崖且,185
临时,941
丶,27
丹巴,2502
丹巴县,570
为,5214
为主,188
为了,606
为什么,768
为何,9
为啥,9
为期,18
主线,188
主要,1530
主角,9
主题曲,9
丽水,9
丽江,188
举行,9
乃,197
久,768
久车,9
久违,9
么,45
义工,18
之,2498
之一,583
之下,18
之中,18
之兆,9
之前,1783
之后,3002
之地,376
之外,187
之多,9
之巅,188
之旅,231
之歌,9
之烂,188
之王,205
之称,204
之类,203
之约,195
之行,9
之观,9
之间,1133
之际,204
之风里,9
乌云,195
乌镇,561
乐,187
乐园,9
乐意,9
乐此不疲,18
乐观,185
乐评,9
乐趣,9
乘,1295
乘坐,2614
乘机,188
乘车,197
九九八十一,9
九号,9
九寨沟,9
九日,9
九曲十八弯,18
九月,9
九点,215
九眼桥,186
也,16044
也好,374
也就是说,195
也许,385
习以为常,197
习俗,9
习惯,203
习惯性,18
乡,558
乡村,576
书,187
书包,187
买,2287
买不到,186
买回来,195
买好,9
买来,186
买票,401
买菜,9
买过,185
乱,197
乱石滩,187
乳,18
了,62170
了解,370
争取,185
争夺,188
争夺战,188
事,381
事先,206
事宜,9
事实上,196
事实证明,194
事情,389
事故现场,376
事是,9
事物,560
事项,185
二,382
二十分钟,9
二号,18
二哥,63
二是,9
二来,188
二话不说,188
二郎山,1881
于,1766
于是,1814
云,985
云儿,9
云南,2059
云南省,188
云南省迪庆藏族自治州,188
云南迪庆藏族自治州,188
云台,9
云层,9
云影,9
云朵,206
云遮,9
云雾,417
互不相让,188
互动,9
互相,421
互相帮助,187
五,373
五个,9
五六,185
五六个,9
五六十,9
五十公里,9
五十多,9
五座,188
五彩斑斓,197
五明,258
五星红旗,394
五月,9
五条,9
五步,374
五毛钱,186
五洲四海,186
五点,206
五瓶,9
五种,187
五色,4499
五花八门,188
五音不全,9
亚丁,25458
些,204
交界处,197
交相辉映,9
交织,9
交通,564
交通工具,185
交通枢纽,188
交通要道,195
产生,9
享受,376
享誉,186
亮丽,185
亲,9
亲切,9
亲密,9
亲眼,9
亲眼见到,9
亲自,185
亲身,188
亲身经历,185
亲近,9
人,12277
人们,768
人会,560
人像,195
人去,185
人口,383
人和事,188
人品,204
人均,372
人多,9
人太多,186
人头,9
人家,197
人座,9
人情,9
人文,212
人来,187
人民,955
人流,196
人满为患,187
人潮,9
人烟,9
人物,401
人生,578
人生如梦,195
人算不如,188
人类学家,188
人群,744
人身安全,188
人配,9
人间,9
人间仙境,9
人魂,9
亿万,9
什么,4171
仁丹,9
仅,18
仅仅,188
仅供参考,18
仅此而已,188
今天,817
今天上午,195
今天下午,186
今天天气,18
今年,973
今年年底,9
今日,381
今晚,206
介意,9
介绍,1743
仍,9
仍然,195
从,12360
从中,9
从何,188
从兴,186
从来,751
从来不,9
从此,596
从洛绒,9
从色,204
从龙,376
仓促,185
仓央嘉,204
仔细检查,9
他,1263
他们,2850
他会,9
仙,197
仙乃日,1322
仙乃日峰,185
仙境,196
仙女,18
仙鹤,9
代名词,188
代表性,185
令,197
令人,9
令人神往,373
以,1327
以上,1324
以下,221
以为,197
以便,188
以免,371
以内,9
以前,383
以北,376
以南,376
以及,1347
以后,1719
以备,185
以外,393
以来,589
以至于,9
以防,9
以防万一,194
仪式,206
们,985
仰头,188
仰望,187
仰角,9
仲仲,18
仲仲妹,9
价格,1556
价格上涨,185
价格便宜,9
任何,579
任务,381
任性,27
仿佛,27
伊措,186
伏,187
伏案,9
伏笔,9
休息,3111
休整,381
休足,186
众多,383
众山,187
优惠,18
优点,9
优越,187
伙伴,9
伙食,9
会,8915
会卖,9
会合,9
会员,186
会带,9
会晤,9
会租,9
会见,195
会高反,188
伞端,9
伟大胜利,186
传统,188
传说,757
传送门,186
传阅,186
伤,9
伤心,188
伫立,9
估计,559
伴,197
伴着,9
伸手不见五指,9
似乎,18
似的,9
但,1422
但是,6071
位于,2273
位置,742
低,954
低头,194
住,2912
住宿,2706
住宿费,186
佐餐,185
体会,769
体力,1134
体型,186
体质,561
体贴,9
体验,617
何乐而不为,18
何其,9
何必,188
何物,9
余公里,372
余户,185
佛塔,195
佛学院,454
佛心,187
佛教,9
佛祖,376
佛系,585
作为,224
作家,376
作用,187
作罢,18
作者,187
你,9663
你们,761
佩服,765
佳肴,185
佳能,18
使,206
使用,186
侄女,9
侄子,9
例假,187
供,9
供奉,9
依据,188
依旧,570
依次,9
依然,1017
依稀,197
侧,9
侵蚀,186
便,1289
便于,749
便利,185
便宜,595
便捷,188
便携式,186
便是,571
便民,9
促使,18
俊,9
保存,382
保护区,188
保持,560
保暖,1325
保温,9
保温杯,187
保温瓶,370
保留,9
保证,195
保险,195
保险杠,9
保鲜膜,9
保鲜袋,185
信仰,756
信其,9
信徒,195
信心,188
信念,188
信息,561
修,373
修图,185
修来生,9
修行,187
修路,195
修通,9
修饰,9
個,555
倍,187
倒,391
倒影,188
候车,9
借,197
借位,197
借助,197
借给,9
借鉴,197
值,188
值得,755
倾盆大雨,186
假,194
假期,565
假装,187
偏,9
偏偏,558
偏僻,9
偏向,9
偏正,186
做,2296
做出,205
做好,1552
做法,9
停,204
停一晚,186
停下来,559
停住,9
停歇,187
停水,372
停电,374
停留,382
停车,1143
停运,9
停靠,381
健身,185
偶像剧,9
偶尔,9
偶然间,9
偷吃,188
傍晚,935
傍河,929
催,185
催得,185
傲寒,9
傻,9
傻傻的,185
像,240
像不像,9
像是,9
僧人,185
僧侣,9
儿子,194
允许,188
元,5248
元洛绒,188
兄弟,188
充,185
充分,197
充斥,9
充气,9
充沛,9
充满,392
充电器,195
充裕,194
充足,756
先,1164
先上,9
先上片,186
先到,185
先去,567
先后,194
先回到,9
先奉,9
先定,9
先放,188
先来,392
光,561
光与影,187
光影,197
光桑,9
光污染,186
光泽,9
光环,9
光线,186
克服,185
免费,564
免费参观,185
兔,185
兔子,930
兜风,9
入,9
入住,570
入口,385
入夜,9
入川,215
入心,9
入眸,9
入睡,18
全,195
全世界,1161
全县,188
全国,390
全天,188
全攻略,187
全是,194
全景,186
全毁,188
全球,188
全程,27
全貌,197
全身,187
全部,400
全都,188
兩次,185
八个,9
八分饱,9
八块,9
八天,18
八宿,187
八小时,9
八年,1170
八月,36
八月份,27
八点,18
八百多,9
八美,18
八美镇,197
公交,195
公交车,740
公众,186
公司,18
公园,785
公寓,195
公路,1026
公里,8298
六,9
六个,18
六人组,9
六夜,18
六点,9
六点半,18
六百年,9
共享,186
共同,185
共有,194
共用,9
共计,373
关,185
关于,1013
关心,188
关注,9
关系,776
关键,376
关键词,188
关闭,185
兴伊措,1860
兴奋,18
兴教,186
兴致,9
兴致勃勃,9
兴趣,54
兵马俑,186
其,1116
其一,18
其三,9
其中,1313
其为,188
其二,18
其他,594
其余,9
其四,9
其它,186
其实,904
其實,185
其间,186
具体,954
具体来说,188
具有,188
具电,186
典型,384
养路,188
内,1502
内向,187
内含,9
内心,784
内胆,186
内蒙,9
内衣,194
内裤,9
内饰,188
再,4079
再不去,18
再也,384
再也不会,187
再厚,9
再来,9
再次,999
再美,9
再见,390
再说,188
冒,9
冒椒,186
冒菜,186
冒雨,9
写,640
写下,203
写作,195
写写,185
军哥,18
军团,18
军嫂,18
农作物,9
冥冥之中,9
冬天,195
冬季,194
冬雨,9
冰,197
冰川,745
冰帽,185
冰淇淋,188
冰雪,9
冰雪消融,9
冰雹,9
冲,185
冲冲,9
冲击,9
冲剂,185
冲动,221
冲古,929
冲古寺,5989
冲锋衣,930
冲锋裤,185
决定,2740
冷,780
冷得,185
冷风,18
冷飕飕,188
净,9
净土,204
准备,4482
准备充分,9
准时,205
凉,9
凌乱,188
凌晨,763
减少,197
减短,9
减轻,194
凑出,18
凑合着,197
凑热闹,186
几个,1184
几乎,400
几公里,188
几分钟,185
几十块,185
几千人,187
几天,1142
几层,9
几座,18
几张,401
几日,204
几根,9
几百,185
几百米,197
几碗,186
几篇,9
几经,186
几顿,186
凭前,188
凹,194
出,1393
出乎,9
出了门,186
出去,427
出发,9650
出发地,197
出名,9
出场,9
出来,791
出游,389
出现,839
出生地,372
出租车,9
出行,977
出趟,9
出远门,187
出门,775
出面,188
分,186
分享,188
分别,54
分割线,187
分布,373
分开,187
分心,9
分摊,195
分散,9
分水岭,381
分界线,757
分给,9
分装,9
分配,187
分量,195
分钟,2103
切勿,18
切磋,9
切身,9
刊登,188
划,9
划不来,187
划算,187
划过,9
列车,9
则,206
则安之,188
刚,435
刚刚,188
刚到,186
刚好,571
创作,188
创可贴,195
初,9
初入,185
初春,9
初次,9
初秋,197
删,197
別人,185
利用,206
别,561
别人,9
别提,194
别的,197
别看,188
别致,9
别说,187
别问,185
刮,185
到,17747
到处,561
到家,186
到底,412
到洛绒,188
到然,187
到达,5697
制定,9
刷,188
刷抖音,9
刺眼,9
刻骨铭心,9
前,2177
前一天,391
前三天,206
前两天,194
前半段,9
前夕,9
前往,2919
前排,185
前提,185
前方,215
前期,370
前来,186
前者,9
前行,961
前路,9
前进,194
前面,224
剥夺,187
剧,9
剧烈运动,382
剩下,27
剪子,766
剪辑,9
副,197
力度,188
劝,187
劝阻,197
办法,392
办理,186
功能,195
加,575
加上,631
加之,9
加利利,186
加持,9
加水,185
加油,9
务必,185
动不动,9
动人,9
动作,188
动力,18
动身,9
动车,18
努力,374
劲,9
劲儿,9
劳动力,9
勇敢,374
勇气,375
勉强,18
包,214
包住,187
包吃,372
包含,194
包容,188
包括,185
包袱,9
包车,2152
包车去,9
包车来,187
匆匆,9
匆匆忙忙,9
匆忙,194
匍匐,186
化妆,206
化石,186
北上,9
北下南,188
北口,185
北向南,188
北线,186
匮乏,185
匹,185
区前,185
区域,564
医护人员,394
医用,187
医院,205
十,9
十一,194
十一点左右,9
十个,9
十二五,188
十二点,206
十五,9
十五分钟,9
十八,197
十八弯,582
十几分钟,205
十几天,197
十分,187
十号,9
十块钱,18
十天,27
十月,412
十月份,18
十月初,185
十来,197
十点,408
十点钟,18
十瓶,9
十米,9
千万,27
千与千寻,9
千分之一,9
千古绝唱,186
千奇百怪,188
千姿百态,9
千山万水,9
千方百计,188
千米,9
千辛万苦,188
千里,186
午后,9
午餐,942
午餐时间,9
午饭,390
半,385
半个,197
半价,188
半向,188
半夜,186
半天,1490
半小时,394
半左右,186
半年前,9
半开化,188
华丽,9
华兴,185
华清池,186
卓,195
卓玛,9
单反,186
单反相机,18
单程,9
单纯,197
单调,9
单身,410
单车,560
卖,196
卖麻批,187
南,558
南下,185
南北向,188
南方人,187
南昌,27
南航,188
南迦巴瓦峰,374
南门,381
占地面积,197
卡,372
卡子,1139
卡玛,197
卡萨湖,195
卡西欧,185
卡车,18
卢,9
卧龙,376
印,379
印象,9
危险,384
危险性,9
即,1874
即使,267
即便,9
即到,185
即可,750
即将,188
即逝,188
却,1590
却是,9
却显,188
卷,185
卷纸,186
卸下,9
卸妆液,9
历史,569
历程,9
历练,376
历经,9
厉害,206
压低,9
压力,187
压缩,186
厌倦,27
厕所,205
厚,926
厚到,9
厚厚的,9
厚脸皮,9
原,194
原以为,9
原则,9
原名,370
原因,616
原始,185
原寺,188
原本,224
原来,589
原片,9
原订,188
原谅,9
厦门,63
厨房,188
去,16160
去一趟,9
去年,766
去查,185
去洛绒,743
去甲,9
去程,197
去色,391
去过,18
县,188
县城,383
参加,197
参半,9
参照,188
参考,385
参观,196
又,3369
叉路口,186
及,380
友善,382
友谊,9
双,9
双人床,187
双双对对,187
双桥沟,1734
双流,18
双翅,9
双鱼,9
反,197
反中,195
反倒,197
反复,9
反应,1384
反正,223
反着,185
发,185
发上来,9
发到,9
发呆,188
发展,385
发抖,187
发散,9
发来,9
发烧,748
发现,410
发现自己,9
发生,213
发胶,186
发表,376
发车,18
发达,185
发飘,188
发麻,187
叔叔,374
取得,186
取经,9
受到,374
受教,187
受此,188
变,18
变化,18
变幻,187
变得,9
变成,946
变红,188
口,390
口味,36
口感,9
口服,9
口服液,372
口气,188
口碑,9
口罩,194
口腔,9
古,185
古冰体,371
古冰川,558
古建筑,188
古朴,9
古老,372
古都,9
古镇,186
另,428
另外,781
只,3084
只不过,187
只会,9
只到,9
只好,197
只怕,187
只想,9
只收,9
只是,1327
只有,1970
只欠东风,9
只能,2476
只花,187
只要,412
只须,186
只顾,187
叫,1160
叫做,54
叫绝,9
叫车,372
叫醒,187
叭,188
可,2897
可不,18
可乐,186
可以,9328
可带,185
可怕,376
可惜,776
可想而知,188
可愁,9
可是,445
可爱,1365
可能,1785
可观,185
可谓,9
可达,370
可靠,188
台,9
台胞,185
台胞证,185
台阶,195
台风,9
右,187
右侧,188
右手边,188
右拐,185
右边,197
号,1358
号称,188
号线,555
司机,2101
吃,4922
吃不上,186
吃不下,9
吃喝,188
吃水果,185
吃点,9
吃药,18
吃货,372
吃饭,390
各,382
各个,215
各位,215
各唱,188
各地,564
各大,206
各季,9
各有,9
各有特色,9
各种,792
各种各样,197
各类,573
合作,188
合口味,185
合影,188
合照,195
合适,188
吉他,9
同一个,188
同事,9
同伴,260
同去,197
同名,188
同坝,376
同学,72
同时,1320
同样,407
同行,408
同路人,9
同龄,9
名不虚传,9
名叫,9
名号,188
名城,373
名字,1170
名扬,186
名气,570
名片,204
名称,185
名词,188
后,6897
后不着店,186
后人,9
后先,9
后勤,195
后勤保障,195
后半段,9
后备,185
后怕,9
后悔,962
后文,9
后文详,185
后方,18
后期,558
后来,1741
后花园,9
后面,1221
吐,383
向,776
向上,373
向前,186
向右走,188
向往,385
向往已久,9
向来,9
向着,9
向西,185
向阳,188
吓,9
吓坏,187
吗,1930
吝惜,9
否则请,185
吧,3222
含,391
含一,9
含片,27
含量,9
听,1136
听到,45
听见,187
听说,971
听过,194
听闻,188
吵吵嚷嚷,9
吸,9
吸引,18
吸引住,9
吸氧,18
吹,9
吹倒,185
吹动,197
吹过,9
吹过来,188
吹风,9
吼吼,9
吽,188
呀,633
呃,9
呆,195
呈品,188
呈现,188
告一段落,9
告之路,188
告别,195
告白,187
告诉,764
呕吐,9
呜,187
呜呜,187
呢,1268
周,18
周到,9
周围,568
周末,27
周边,559
味道,1519
味道不好,185
味道鲜美,185
呼伦贝尔,9
呼吸,197
呼啸而过,9
命运,393
和,16102
和善,9
和央,186
和海子,185
和睦相处,185
和蔼可亲,9
和解,187
和谐,9
咨询,18
咪,188
咬一口,9
咱,9
咳嗽,187
咸鱼,54
咽喉,186
品尝,194
品牌,376
品牌效应,188
品茶,185
哆嗦,9
哇偶,9
哈,203
哈哈,63
哈哈哈,785
哈哈哈哈,188
哎,9
哒,9
哗啦啦,9
哥,54
哥们,185
哥哥,560
哥帮,9
哥撒隆,9
哥说,9
哦,338
哩,9
哪,403
哪个,18
哪儿,195
哪怕,196
哪条,185
哪里,385
哪里找,9
哭,194
唆,9
唐,186
唠嗑,185
售票处,746
唯一,963
唯二,9
唯独,187
唯美,9
唱,27
唵,188
商业,9
商业化,371
商务车,214
商场,372
商城,188
商议,9
商量,9
啊,2648
啥,45
啦,1542
啰,9
喂,187
喂给,187
善良,572
喇嘛,187
喇嘛寺,752
喇荣,54
喊,9
喔,187
喜出望外,9
喜怒,9
喜欢,1973
喝,564
喝些,18
喝到,185
喝多,9
喝茶,204
喝酒,185
喧嚣,374
單單,185
喷雾,373
嗤之以鼻,9
嗨,188
嗯,410
嘉戎,185
嘉绒,185
嘛,581
嘴里,197
嘻嘻,18
嘿,194
嚼,9
四,197
四个,233
四五年,9
四人,186
四人同,186
四周,214
四天,188
四姑娘山,3315
四季,385
四川,3016
四川盆地,188
四川省,2463
四川省阿坝藏族羌族自治州,9
四座,27
四手,9
四方,188
四日游,9
四月,197
四点,9
四肢,187
四肢无力,187
四驱,195
回,1193
回到,620
回去,582
回味,188
回复,185
回头,185
回家,185
回忆,233
回想,9
回想起来,188
回报,9
回来,1187
回牛场,185
回程,394
回答,9
回首,9
因,558
因为,7578
因人而异,597
因幺妹,9
因此,1876
因為,555
因秋,9
因素,9
团,419
团给,9
团能,9
团里,561
园,186
困局,188
困惑,564
困难,187
围巾,203
围着,9
围绕,188
固定,373
国务院,564
国外,18
国家,1134
国家森林公园,186
国庆,778
国庆节,188
国画,9
国道,2388
国际,780
国际性,188
图,974
图个,9
图片,612
图甲居藏,197
图腾,9
圆满结束,9
圈,185
國慶,185
土地,197
土拨鼠,9
土豆,9
土路,385
土黄,9
圣地,392
圣山,573
圣湖,187
圣神,188
在,37648
在于,9
在建,9
在所难免,9
地,1977
地上,197
地位,197
地利,9
地区,1134
地名,197
地后,9
地图,1135
地域,197
地处,758
地带,188
地平线,376
地怨,9
地方,6113
地来,9
地点,1131
地狱,374
地理,1125
地理位置,188
地说,188
地貌,206
地质,197
地铁,1305
地铁站,372
地震,985
地面,18
场地,185
场景,195
均,557
坍塌,197
坏,9
坐,1545
坐下,9
坐在,388
坐火车,374
坐烂,187
坐落,27
坐车,205
坐飞机,197
坐骑,187
坑,9
块,187
块钱,9
坚决,186
坚固,187
坚定,187
坚强,188
坚持,381
坦陈,9
坪,185
垂涎三尺,9
垃圾,194
垃圾袋,186
型,9
垫背,9
垭口,1182
埋,9
城,2842
城会,372
城便,186
城区,372
城后,186
城墙,186
城市,409
城西,186
城镇,195
基地,566
基本,749
基本上,9
基礎,185
基调,9
堆,187
堆积,186
堡,186
堪比,9
堵,381
堵车,212
塌方,2077
塔公,589
塔公寺,197
塔林,744
塘,188
塞,186
塞入,9
塞子,188
塞满,9
塞车,188
塞进,18
填满,186
填饱,9
境内,18
墙,197
增加,185
增设,9
墨水,9
墨石,591
墨镜,380
壁垒,188
壁画,185
士力架,9
壮美,372
壮观,1158
声势,9
声名,9
声明,188
声音,214
壶,9
处,744
处于,197
处地,9
处理,9
备好,186
备有,9
备用,195
复制,9
复杂,188
夏天,390
夏季,9
夏日,9
夏洛,188
夏诺,1326
夕阳余晖,9
外,382
外卖,196
外号,9
外围,188
外国人,185
外墙,9
外套,186
外界,188
外表,9
外面,18
多,5241
多个,197
多为,185
多么,1135
多事之秋,9
多于,185
多公里,761
多分钟,372
多到,197
多双,9
多变,9
多吉,1514
多喝水,194
多处,186
多家,187
多少,1135
多带,555
多年,45
多才,18
多有,185
多次,196
多米,563
多趟,186
多难,9
多雨,9
多项,188
夜,383
夜宵,187
夜宿,955
夜晚,195
夜景,45
夜来,194
夜游,9
夜生活,188
夜路,9
够,9
够呛,185
大,2947
大假,9
大半,186
大半年,194
大厅,187
大发慈悲,188
大叔,9
大名,188
大名鼎鼎,9
大哥,186
大唐,186
大四,197
大地,9
大块,18
大型,186
大堂,185
大多数,561
大大的,562
大姑娘,9
大学,18
大学毕业,195
大家,3622
大家伙,9
大小,203
大山,591
大峡谷,187
大巴,758
大巴车,196
大摇大摆,9
大早,188
大明宫,186
大晴天,9
大桥,9
大概,2686
大气,188
大海,195
大渡河,568
大火,9
大炮,9
大点,188
大热,9
大熊猫,761
大片,392
大片大片,18
大疆,9
大白,9
大石头,188
大笑,187
大约,1141
大老远,9
大自然,18
大致,9
大街,9
大街小巷,398
大西北,9
大计,9
大象,9
大道,197
大部分,379
大量,194
大门,1137
大门口,187
大雁塔,186
大雨,9
大雨倾盆,9
大雪,751
大雪山,188
大雾,383
大鸣大放,9
大黄,185
大龄,9
天,3148
天上,18
天上飞,188
天下,188
天下人,186
天下英雄,9
天全县,195
天公不作美,188
天内,188
天刚,9
天南地北,9
天吃,9
天后,185
天地,197
天堂,962
天府之国,9
天时,9
天是,188
天晴,195
天朗气清,186
天梯,18
天气,1941
天气晴好,187
天气晴朗,187
天气预报,186
天灾,188
天然,372
天空,196
天算,188
天色,195
天色已晚,9
天葬,204
天蓝,9
天边,381
天长地久,9
天际,187
天险,187
天黑,204
太,1782
太久,197
太古,742
太多,373
太大,197
太太,188
太婆,9
太小,9
太差,187
太平洋,186
太极,9
太爱,185
太累,9
太美,18
太过,9
太远,188
太重,186
太阳,9
太阳帽,185
太阳眼镜,194
太阳镜,188
太饿,9
太高,9
夫妻,9
央迈勇,947
央迈勇峰,185
失去,18
失恋,9
失望,188
头,573
头上,9
头发,188
头巾,186
头晕,569
头疼,371
头痛,392
头顶,188
夸张,376
夹金山,194
奇伟,9
奇女子,9
奇异,9
奇观,197
奈何,18
奉上,374
奎星楼,186
奔,375
奔波,188
奔腾,187
奔跑,372
奔驰,9
套路,188
套餐,9
奥斯卡奖,188
女,186
女子,9
女孩,194
女孩子,9
女生,9
奶制品,185
奶奶,9
她,455
她们,18
好,8205
好久,9
好了吗,9
好些,372
好人,187
好像,794
好几个,9
好几处,9
好几百,9
好友,27
好吃,9
好后,9
好处,9
好多,9
好好,392
好客,9
好少,188
好开心,187
好心,187
好感,197
好日子,9
好棒,188
好看,822
好脾气,9
好觉,9
好评,188
好赞,188
好远,9
好饭,186
如,45
如下,194
如何,376
如其,9
如同,185
如屏,9
如是,9
如果,3078
如果说,185
如此,206
如水,9
如织,9
如诗如画,382
妈呀,9
妹妹,9
妹子,18
妹峰,9
妹纸,18
始建,188
始料不及,188
姐妹,9
姐姐,9
姐弟,9
姑娘,63
委屈,187
姜茶,186
姝,394
娃娃,187
娘子,18
婚礼,9
婚纱照,188
子,9
子妹,186
子梅,9
字,605
字典,9
字句,185
字形,188
存在,187
存有,185
季节,637
孤勇,185
孤独,746
学,9
学会,185
学校,197
学生,187
学生证,186
学者,188
孩子,948
孩纸们,9
宁可,9
宁可信其有,9
宁静,196
它,803
它们,205
守护,375
安,36
安久,187
安全,390
安全感,18
安徽,9
安心,18
安慰,9
安排,1579
安检,9
安详,186
安逸,18
安静,187
安静下来,9
安顿,9
安顿下来,9
完,1800
完全,1343
完善,185
完小,9
完成,27
完整,188
完毕,383
完美,36
完车,186
宏伟,185
宗,187
官方,373
官網,185
定,754
定下,18
定制,585
定得,9
定格,376
定桥,188
宝兴,9
宝地,9
宝宝,18
实在,994
实惠,186
实现,564
实际,9
实际上,18
宠,187
审美疲劳,188
客人,9
客栈,3312
客运,567
宣布,376
宫崎骏,9
宰杀,9
害得,188
害怕,187
家,417
家中,188
家人,196
家家户户,385
家拿上,9
家里,9
容易,837
容量,188
宽广,9
宽窄,935
宽裕,9
宿,1805
宿色,9
密密匝匝,9
密密麻麻,194
密布,9
密度,185
富力,9
寒,188
寒冷,188
寒意,9
寒风,194
寨,1767
寨楼,9
寫,370
寸,376
寸步不离,188
对,3967
对不起,187
对于,437
对方,197
对杰哥,9
对比,196
对面,195
寺,1124
寺塔,186
寺庙,1154
寺里,185
寺院,372
寻找,390
寻求,186
寻觅,9
导游,206
导游图,188
导致,774
导航,188
封路,9
将,616
将来,188
将近,381
尊胜,744
尊重,185
小,4042
小伙,9
小伙伴,1987
小分队,9
小别墅,9
小包,9
小半瓶,9
小吃,382
小团,9
小城,18
小女孩,9
小妹妹,9
小姐姐,569
小学,197
小孩,185
小小白,188
小小的,188
小店,186
小心,195
小憩,185
小拇指,9
小时,10874
小易,390
小溪,391
小瀑布,188
小炒,186
小编,186
小胖,81
小航哥,186
小草,185
小觑,188
小说,564
小跑,195
小酒馆,187
小金,18
小金县,9
小镇,186
小雨,392
小雪,394
小露,9
小额,9
少,204
少女,9
少年,18
少数民族,370
少男少女,9
少量,185
尘世,187
尘土,188
尘土飞扬,188
尚早,9
尚未,27
尝试,574
就,14073
就加,9
就够,186
就是,8142
就算,9
就要,196
就让,9
就象,9
就近,195
就餐,185
尴尬,197
尽,194
尽力,9
尽快,9
尽早,9
尽管,223
尽量,9
尽量避免,188
尾巴,9
屁,188
屁股,561
层层,186
层层叠叠,185
层峦叠嶂,185
层次,186
层次感,9
居,9
居住,194
居住证,185
居多,27
居然,36
居藏,9
屏幕,9
展开,197
展现,9
属,194
属于,580
山,6092
山上,1719
山下,196
山东,187
山则,185
山到,381
山区,197
山口,944
山坡,575
山坳,9
山垭口,568
山城,381
山头,18
山岩,187
山峦,195
山峰,232
山川,204
山海拔,9
山脊,9
山脚,755
山脚下,9
山腰上,9
山觉,187
山谷,9
山路,2682
山道,9
山里,384
山间,400
山险,186
山顶,1704
山风,188
山高路远,186
岁,187
岔路,185
岛,9
岛屿,9
峡谷,577
峰,185
崇拜,188
崇敬,188
崎岖,185
崖洞,9
崩溃,9
巍峨,27
川,385
川剧,185
川味,9
川菜馆,9
川藏,577
川藏公路,186
川藏线,603
川藏路,188
川西,2364
工作,613
工作人员,9
工具,9
工商,9
左,375
左一,9
左三,9
左下方,185
左下角,9
左二,9
左五,9
左侧,206
左右,2296
左四,9
左小腿,187
左手边,188
左脚,187
左腿,187
左贡,187
左边,382
巧,9
巧克力,194
巧合,27
巧遇,9
巨隆,9
差,745
差不多,379
差异,9
差点,382
差距,18
已,594
已久,385
已冷成,186
已属,9
已有,9
已经,6514
巴,187
巴嗦,9
巴塘县,187
巴山,187
巴拉,187
巴朗山,376
巴郎山,18
巴黎,390
巷子,935
市,936
市区,213
市场,187
市里,188
帅气,9
师傅,1927
希尔顿,376
希望,409
帐篷,185
带,4913
带上,576
带个,9
带些,374
带多厚,9
带我去,9
带来,582
带浴卫,9
带点,9
带点维,187
席慕蓉,370
帮,381
帮助,381
常,197
常备,9
常年,9
常规,185
常驻,9
帽子,407
幢,185
幫到,185
幫錯,185
干,9
干净,18
干嘛,188
干粮,578
干脆,185
平原,589
平台,557
平均海拔,196
平坦,18
平常,9
平平,9
平平安安,18
平摊,185
平整,9
平方公里,579
平时,195
平缓,9
平路,370
年,3907
年代,376
年初,195
年纪,187
年轻,9
年间,188
年龄,197
并,1742
并不大,9
并存,9
幸好,188
幸运,383
幸運,185
幺,36
幻想,9
幽雅,185
幽默,9
幾個,185
广东,239
广场,9
广大,9
广州,221
广袤,9
广角,186
广角镜头,185
广阔,9
庆幸,9
床位,381
序,185
应对,376
应景,9
应该,597
底盘,187
底裤,186
店,948
店员,185
店铺,18
店长,18
庞然,9
废,188
度,214
度到,9
度蜜月,9
度过,401
座,590
座位,9
座落在,9
康定,5625
康巴,1880
康巴汉子,9
廊桥,45
廣告,185
延时,18
延误,9
建寺,188
建成,9
建筑,406
建筑物,197
建筑风格,188
建議,185
建议,5796
开,622
开上去,204
开光,195
开去,9
开发,195
开启,392
开夜车,9
开太好,187
开始,6647
开往,213
开心,609
开支,188
开放,9
开朗,9
开来,9
开浪,9
开点,9
开玩笑,195
开着,9
开着车,9
开端,195
开车,559
开阔,9
异常,9
弄,185
张,18
张嘴,9
张杰,18
弥勒,185
弥漫,18
弥漫着,9
弥补,9
弯,206
弯山,578
弯弯的,186
弯曲,9
弱,187
弱不禁风,9
弹,9
弹坑,186
强,9
强壮,197
强大,9
强度,188
强烈,391
强烈推荐,194
强烈要求,9
强调,188
强迫,187
归宿,187
归属权,188
归来,188
当,1355
当下,185
当临,187
当做,18
当即,9
当地,767
当天,747
当季,9
当年,233
当日,186
当时,1530
当晚,573
当然,627
当站,188
当车,186
形容,185
形容词,373
形象,188
彩色,187
彩虹,206
彪悍,9
影响,375
彻底,9
彼此,9
往,766
往上爬,188
往上走,185
往下走,187
往后,9
往往,188
往返,2997
征服,197
征程,9
待,195
待本囡,9
很,13048
很严,186
很久,9
很具,9
很多,4258
很多圈,186
很大,1170
很小,759
很少,194
很快,223
很棒,230
很漂亮,391
很烂,187
很烦,370
很生,185
很認,185
很費,185
很赞,187
很近,18
很难,9
後,185
徒手,188
徒步,2501
徒步走,185
得,1955
得到,188
得名,373
得惯,9
得知,373
微信,399
微单,186
微博,231
微博约,9
微笑,9
心,605
心上人,9
心不跳,9
心中,580
心境,188
心安,9
心底,394
心得,185
心心念念,27
心情,971
心想,187
心愿,9
心满意足,9
心灵,241
心爱,187
心理,9
心理准备,185
心疼,9
心真大,376
心老,187
心血,185
心越,188
心跳,187
心都化,188
心里,1726
心里有底,9
必不可少,197
必修课,188
必备,577
必尝,185
必然,187
必经之地,188
必经之路,194
必要,576
必须,2629
忌惮,9
忌讳,9
忍不住,194
忍忍,187
志同道合,9
忘,185
忘言,9
忘记,940
忙碌,187
忠于,187
快,939
快且,188
快乐,9
快到,195
快捷,185
快要,194
快速,18
快门,186
念,188
念念不忘,18
念青,188
忽略,375
怀念,194
怀揣,186
怀疑,196
态度,188
怎么,1369
怎么办,9
怎么样,9
怎会知,195
怎样,197
怎能,188
怒江,374
怕,18
怙主,188
急,389
急于,187
急救药,187
急着,185
性价比,185
性别,188
性格,9
性能,188
怪,18
怪不得,9
怪心,188
总,371
总会,188
总体,18
总共,185
总府,185
总是,385
总的来说,9
总算,185
怼,18
恋地,9
恐怖片,9
恐龙,186
恨不得,188
恩,194
恰恰相反,9
恰是,9
恶劣,186
悠悠闲闲,9
悠扬,9
悠然,9
悠闲,371
悠闲地,185
患有,9
悬崖,9
悲剧,186
情书,186
情人,186
情侣,9
情况,579
情怀,9
情愫,9
情歌,186
情绪,578
情话,9
惊人,9
惊叹,27
惊呼,9
惊喜,412
惊险,196
惋惜,9
惠远寺,197
惦记,9
惯用,185
想,2977
想到,783
想想,748
想来,9
想法,9
想用,9
想着,206
想要,18
想象,399
想起,408
想过,188
愈发,18
愉快,376
意,564
意义,393
意外,383
意思,206
意想不到,188
意料之外,9
意识,188
感冒,1205
感冒药,587
感到,194
感动,581
感受,1342
感受一下,18
感叹,9
感同身受,9
感觉,3927
愿,18
愿下,195
慈悲,188
慈祥,9
慌,9
慎重,376
慢,204
慢悠悠,186
慢慢,36
慵懒,186
憋,188
憋不住,9
憋着,188
懂,567
懂用,185
懒,9
懵,379
成,783
成为,597
成功,195
成北,186
成双成对,187
成型,9
成熟,9
成片,186
成立,9
成群结队,187
成都,15200
成都市,185
成都酒店,9
成雅,187
我,47364
我们,13666
我会,1170
我俩,9
我刚,195
我剧,9
我吃加,9
我国,376
我报,374
我来,399
我能,187
我要,383
我超,185
我连防,187
我长,188
或,1500
或多或少,186
或是,9
或者,797
或许,27
截图,188
戴,381
戴不来,187
户,9
户口本,185
房东,9
房子,18
房间,401
房间内,9
所,1161
所以,8583
所写,185
所在地,370
所得,188
所有,1161
所用,9
所谓,578
所赠,185
手,194
手动,187
手套,565
手持,9
手机,1193
手机费,186
手机软件,370
手牵手,9
手电筒,186
手脚,557
手艺,188
手袜,9
手里,187
才,1628
才能,1143
才艺,9
扎,1508
扑灭,188
扑面而来,187
扒,188
扒拉,9
打,427
打乱,188
打了个,197
打动,185
打包,187
打太多,185
打底,186
打开,206
打扫,9
打扰,748
打电话,186
打破,188
打算,794
打车,187
打造,9
打麻将,194
扛着,9
扩充,9
扫地,9
扬尘,188
扭伤,187
扯,940
扯远,188
扶,374
批准,376
批量,185
找,2129
找个,9
找伴,197
找到,392
找回,9
找零,9
承认,188
技术,9
抄,555
把,3540
把握,185
抓,370
抓紧时间,9
抓绒,557
投射,9
投身于,185
抖,374
抖音,204
抗风,185
抗高反,9
折,196
折多,9
折多山,2920
折射,187
折磨,197
折返,9
抛在后面,9
抛开,188
抢,185
抢占,188
抢拍,186
护发素,9
护栏,186
护法神,188
护照,185
护耳,185
护肤品,186
护肤用品,9
护花使者,187
护路队,188
报,194
报名,188
报团,185
报纸,186
披星戴月,9
披肩,194
抬头,376
抱,196
抱团,374
抱太大,9
抵不过,9
抵达,2128
抹,187
抽不出,9
拂过,9
担任,187
担心,562
担忧,9
拆,9
拆迁,9
拉,944
拉乌,561
拉客,9
拉山,1139
拉根,188
拉着,188
拉肚子,186
拉萨,188
拌匀,9
拍,3574
拍下,188
拍下来,197
拍不出,206
拍个,18
拍个景,188
拍人,197
拍到,9
拍成,188
拍拍,197
拍摄,3571
拍景,197
拍照,1566
拍照片,185
拐,196
拐杖,187
拖,561
拖上,187
拖回,186
拖延,9
拖拉机,186
拖鞋,9
拙劣,9
招牌,9
拜佛,9
拥抱,9
拥挤,205
拥有,9
拦,186
拦下,186
拨云见日,188
拼,186
拼車,185
拼车,939
拼车团,185
拽,9
拿,559
拿来,9
持有,188
挂,18
指南针,374
指望,9
指正,185
指示,372
指示牌,185
按时,370
按照,564
按部就班,9
挑战,197
挑选,9
挖耳朵,185
挠,9
挡泥板,9
挣扎,9
挤占,186
挥之不去,9
挨批,9
挨着,185
挺,606
挺厚,9
挺大,9
挺快,188
挺拔,9
捏了一把汗,9
捕捉到,9
换,195
换好,186
换成,186
换车,9
据,9
据说,410
掉,9
掉落,187
掌上,186
掌握,9
掏空,195
掐指一算,188
掐着,9
排列,375
排起,9
排队,1136
探寻,188
探究,187
探索,9
探討,185
探讨,9
探险,749
探险家,376
接,186
接上,9
接下来,955
接受程度,188
接好,186
接机,9
接着,196
接触,969
接踵而来,9
接近,185
接送,196
推荐,1158
推送,9
措,381
措的,9
措若,9
描述,394
提供,379
提出,9
提到,18
提前,3034
提及,197
提早,18
提示,9
提神,9
提醒,1308
插,394
插曲,18
揪心,9
搀扶着,187
搁置,9
搜索,573
搜集,186
搞不懂,185
搞定,9
搞清楚,564
搬家,195
搭,9
搭乘,188
搭车,9
携带,374
携手,9
携程,18
摄,186
摄友,9
摄影,2329
摄影家,205
摄影师,197
摆,9
摇晃,9
摇椅,9
摔,9
摔伤,187
摘自,197
摩托,186
摩拜,186
摸不着,187
撇,9
撑,9
撒,18
撒到,9
撒隆达,9
撤乡,188
撤县,188
撩,9
撸,9
擦,9
擦干,9
攀爬,188
攀登,187
攀谈,188
支付,9
支撑,196
收,18
收到,188
收拾,203
收收,9
收获,195
收费,212
改,188
改为,9
改变,383
改名,185
改签,186
改道,9
改镇,188
改革开放,188
攻城,9
攻略,1360
放,419
放下,9
放假,188
放凉,9
放学,188
放弃,581
放张,186
放晴,187
放松,9
放眼望去,9
放空,9
放肆,9
政府,188
政府部门,188
故事,1021
故而,185
效果,206
救心丸,186
救援,186
救灾,188
散,18
散客,185
散开,9
散步,9
散漫,188
散粉,9
散落,186
数日,186
数树,9
数码相机,370
敲定,9
敲打,9
整个,1007
整合,555
整块,187
整理,221
整租,186
整顿,18
文化,568
文化名城,186
文字,18
文殊院,18
文章,564
文艺,187
斑斓,9
斜阳,9
断电,185
断续,9
新,1413
新修,188
新手,27
新桥,187
新浪,9
新西兰,9
新都桥,8050
新闻,9
新鲜,9
新龙,9
新龙县,187
方便,1351
方向,565
方式,1156
方案,555
方法,9
方面,9
於,185
旁,381
旁听,187
旁边,9
旅,586
旅友,374
旅店,18
旅游,2259
旅游业,188
旅游区,188
旅游团,197
旅游景点,185
旅社,744
旅程,1910
旅舍,27
旅行,7006
旅行社,388
旅让,188
旅途,821
旅遊,185
旅馆,9
旖旎,9
旗下,9
无,950
无人,9
无人机,9
无从,188
无可,9
无可挑剔,9
无名,186
无垠,195
无处,188
无奈,215
无恙,9
无情,9
无意,194
无意间,195
无数,18
无数次,9
无暇,9
无比,18
无法,27
无疑,18
无言,9
无论,375
无论如何,197
无论是,393
无话不谈,195
无话可说,9
无量,742
无限,9
既,195
既来之,188
既然,9
日,1559
日出,400
日出日落,188
日夜,9
日子,18
日常,213
日志,206
日月,188
日松,188
日游,186
日照,1144
日瓦,390
日瓦乡,1307
日落时分,186
日隆,185
旧桥,187
早,381
早上,2161
早些,186
早就,773
早已,9
早早,197
早晚,206
早晨,372
早机,9
早点,204
早点儿,185
早起,196
早餐,589
早饭,204
时,2097
时不时,9
时会,188
时候,6290
时光,27
时分,205
时刻,9
时好时坏,186
时段,197
时空,9
时而,376
时间,8278
旺季,557
昂,9
昆明,188
明丽,9
明亮,376
明天,613
明媚,9
明明白白,9
明显,9
明朗,185
明水,9
明白,560
昏暗,9
易,188
星图,372
星巴克,185
星座,195
星星,9
星期,393
星空,249
星辰,9
映,9
映像,9
映入眼帘,9
映射,18
映秀,582
春夏,9
春夏秋冬,9
春熙路,555
春秋,9
春舍,9
昨天,9
昨日,576
昨晚,381
是,51987
是不是,36
是从,203
是否,188
是因为,399
昼夜,370
显得,390
显眼,9
显示屏,188
時候,373
時間,370
晃到,188
晋升,187
晋级,9
晒,205
晒太阳,18
晒成,197
晕,375
晕倒,185
晕车,194
晕车药,186
晚,585
晚上,1941
晚回,9
晚夏,9
晚期,9
晚点,186
晚餐,772
晚饭,390
普寺,186
普通,188
景,797
景区,12499
景点,3288
景致,197
景色,1323
景观,412
景象,568
晴,9
晴天,9
晴好,188
晴朗,186
智云,9
暂时,384
暖,203
暖和,195
暖暖的,9
暗冰,373
暮鼓晨钟,9
暴走,9
暴雨,9
暴雪,9
暴饮暴食,185
曝光,9
曲折,204
更,2107
更为,9
更加,577
更名,376
更大,9
更新,9
更是,188
更显,185
更杯,186
更近,9
曾,221
最,2595
最为,9
最佳,3349
最具,185
最合适,185
最后,3157
最大,1323
最好,1498
最少,195
最快,188
最想,9
最新,9
最最,188
最有,187
最烂,188
最终,590
最美,1416
最费,185
最近,9
最长,206
最高,586
最高峰,373
最高点,185
會,370
月,3405
月份,186
月初,194
月球,185
有,18927
有个,576
有些,2784
有人,567
有余,9
有假,9
有关,589
有加,9
有名,186
有多美,195
有太多,188
有家,9
有幸,9
有座,18
有意,9
有意思,197
有所,383
有所准备,187
有效,188
有时,186
有时候,390
有朝一日,186
有机,195
有水,9
有没有,36
有点,1034
有点像,9
有点累,187
有生之年,9
有生以来,188
有种,9
有空,9
有缘,197
有说有笑,9
有趣,383
有路,9
有限,194
朋友,3500
朋友圈,370
服,9
服务中心,740
服用,753
服装,186
服输,9
服饰,9
望去,206
朝拜,372
朝着,204
期待,197
期盼,9
期许,9
期间,382
朦朦胧胧,9
木,388
木垒,18
木有,188
木板,197
木里,188
未,186
未央宫,186
未来,9
未知,376
未经,9
未能,187
本人,194
本地,185
本应,9
本想,188
本文,205
本来,759
本次,573
本着,186
本身,215
机,195
机会,376
机场,1967
机智,27
机票,248
杂七杂八,188
杂务缠身,9
杂志,564
杂音,9
村,3847
村子,188
村宿,197
村庄,9
村民,370
村里,36
杜鹃,185
条,571
条件,575
来,5480
来不及,195
来世,186
来临,9
来到,2499
来古村,187
来回,390
来往,185
来得,9
来时,9
来看,9
来自,670
来说,260
来过,203
杨林,755
杨林后,186
杨树林,185
杭州,372
杯面,9
杰哥,135
松树,197
松软,188
极大,188
枕,18
林,591
林下,197
林立,187
林芝,561
果然,604
架个,9
柏杨,186
某种,9
染成,188
柔,9
柔柔的,9
查,195
查看,9
标准,570
标准化,9
标志性,195
标示,185
标致,188
标记,9
栈道,406
树叶,197
树木,185
树林,188
样子,27
核心,375
核心区,197
根,9
根据,382
根本,375
格外,196
格局,188
格格不入,187
格桑花,9
格鲁派,187
桌面壁纸,9
桑堆,574
桑格花,9
桥,204
桥梁,9
桶,187
梁,985
梁静茹,187
梦,18
梦回,9
梦幻,185
梵禾,186
棉花,9
棉衣,9
棉裤,9
棒,9
棒棒,9
森林,381
森林草原,9
植物学家,376
楼,394
楼下,9
楼主,9
楼层,9
楼顶,9
概念,940
榜,186
槽,187
標題,185
模式,568
模样,188
模糊,195
横亘,9
横跨,9
機刷機,185
欠,9
次年,185
次数,185
次日,576
次来,195
欢乐,18
欢声笑语,195
欢快,9
欢迎,195
欣然同意,9
欣赏,774
欲,9
欲仙欲死,9
欲裂,187
歇一会,383
歇息,9
歌唱,27
歌声,188
歡迎,185
正,384
正前方,185
正在,391
正好,9
正如,381
正常,9
正式,578
正当,9
正是,385
正欢,9
正殿,9
正气,186
正气水,186
正确,9
正经事,9
正题,9
此,938
此刻,186
此后,9
此图,9
此处,1116
此寺,186
此时,574
此时此刻,9
此番,9
此行,36
步伐,187
步枪,9
步行,1689
武侯祠,9
死,570
死皮赖脸,9
死过,187
殊胜,9
残党,9
残破,9
段,597
段时间,196
毁,188
毅然,9
毋庸置疑,9
每,595
每一,187
每一处,9
每个,1145
每人,18
每位,187
每天,1350
每天晚上,187
每年,385
每条,185
每次,196
每每,9
每间,185
毒,18
毒入,9
比,2070
比例,9
比如,562
比如说,9
比起,9
比较,2571
比较严重,186
比较关心,197
比较忙,9
比较落后,9
毕生,9
毕竟,1354
毛,197
毛垭,393
毛巾,204
毛病,9
毛肚,186
毛衣,370
毫不,188
毫不犹豫,9
毫安,185
毫无顾虑,187
民宿,45
民居,213
民用机场,197
气候,373
气势,9
气息,9
气氛,214
气温,585
气质,187
氛围,374
氣要,185
氧气,205
氧气瓶,1371
水,409
水不热,9
水中,188
水印,195
水土不服,9
水塘,376
水太少,9
水性,185
水杯,186
水果,212
水泥路,370
水流,18
水流声,9
水草,376
水面,9
永远,251
求婚,185
汇车点,188
汉兰达,195
汉藏,195
汉语,188
汗马功劳,188
江南,27
江南水乡,9
江浙,9
江苏,594
江西,9
池,186
污泥,9
汶川,9
汹涌,9
汽车站,186
沉,9
沉沦,9
沉浸于,187
沉淀,188
沐浴露,195
沒,185
沓,9
沙发,9
沟,2462
沟以,185
沟口,185
沟好,185
没,4100
没上,186
没事,195
没人,383
没什么,797
没关系,206
没去,186
没多,9
没多久,9
没带,557
没想,9
没想到,27
没有,9478
没用,9
没缓,9
没能,9
没舍得,187
没花,185
没课,197
没通,188
没错,206
沪,188
河,557
河流,591
河谷,752
河边,185
河里,185
油画,9
油罐车,9
治愈,9
沾满,9
沿,1315
沿成温,186
沿河,370
沿海,9
沿着,1330
沿路,952
沿途,2672
泄掉,188
泉州,9
泡腾片,187
泡面,196
波,9
波光,9
波密,187
波瓦,9
泥土,188
泥沙,188
泥泞,564
泥石流,188
注,9
注册,186
注意,1715
注意力,9
泪,373
泰顺,9
泸定,1601
泸定桥,1000
泸沽湖,194
洁白,9
洒,9
洒满,195
洗,9
洗净,9
洗发水,382
洗头,383
洗漱,213
洗澡,571
洗礼,9
洗面奶,9
洛克,940
洛绒,3401
洪,9
活动,18
活宝,9
活泼,18
活该,374
活跃,18
活蹦乱跳,9
派上用场,185
流云,9
流域,186
流年,9
流水,188
流水账,393
流浪,9
流量,9
浅黄,9
浇灭,9
测血氧,197
浓,186
浓度,197
浓郁,9
浙江,195
浪漫,197
浪花,9
浪费,18
浪费时间,187
浮光掠影,9
海,10594
海则,9
海原,185
海后,185
海子,4925
海拔,10994
海拔高度,376
海拨,185
海来,187
海洋,185
海滩,194
海等,185
海螺,9
海螺沟,1112
浸染,18
消失,953
消息,197
消费,196
涉水,558
润唇膏,194
液晶,188
淋,9
淋浴,9
淋漓尽致,9
淘宝,18
淡季,9
淡淡的,9
淤青,187
深入,9
深刻,27
深化,188
深圳,933
深夜,9
深度,18
深情,187
深深,196
深爱着,187
深秋,215
深红,9
淳朴,194
清一色,9
清新,18
清晨,197
清朝,188
清楚,370
清澈,9
清澈见底,9
清爽,27
清空,186
清莹,187
清风,9
渐入佳境,9
渐变,186
渐渐,231
渐高,9
渠道,185
渡过,188
温差,764
温度,18
温暖,186
温柔,214
温饱,9
温馨,18
渲染,9
渴望,187
渴求,188
游,785
游乐,186
游人,185
游伴,9
游侠,188
游刃有余,187
游历,9
游客,2292
游玩,2287
游览,1859
游览车,188
游记,1197
游说,9
湖,381
湖南,9
湖水,196
湖泊,594
湖边,197
湖面,18
湿巾,186
湿漉漉,9
溃疡,18
源自,9
溜溜,18
溜达,18
溢美之词,188
溪流,18
滇,376
滇行,9
滑下去,9
滑雪场,186
滑雪运动,186
滔滔不绝,187
滚,375
滚滚,188
滚烫,9
滚落,376
满,188
满地,188
满天,186
满头大汗,188
满山,188
满座,9
满意,187
满满的,9
满足,9
满足要求,9
满载,9
滴滴,567
漂亮,770
漏气,186
漫天,18
漫山,9
漫山遍野,9
漫步,185
漫漫,9
漫长,186
漳州,9
澄澈,9
激动,45
激发,188
激情,9
激起,9
灌崩,1137
火烧云,9
火热,9
火爆,186
火车,944
火车站,187
火辣,186
火锅,27
灯火,18
灰色,187
灰蒙蒙,9
灵感,188
灵魂,196
灾情,376
炉霍,54
炊烟袅袅,9
炒作,188
炒热,187
炒鸡,9
炸酱面,9
点,5504
点半,9
点去,187
点及,186
点多,196
点点,206
点点头,9
点缀着,9
点车,186
為,185
烈日,9
烙,9
烛光,187
烟火,9
烤,9
烦人,188
热,557
热开水,185
热得,373
热情,579
热情奔放,187
热水,185
热腾腾,9
热血,9
热门,9
热闹,196
焦,185
焦香,9
然,374
然乌湖,187
然后,4749
然而,197
煎饼,188
照,970
照应,391
照片,2698
照相,188
煮,195
煲,18
熊,561
熊猫,185
熏,9
熟,187
熟悉,27
熟知,188
熟练,188
熠熠,9
熬不住,186
熬夜,9
爆,9
爬,2294
爬上去,569
爬升,9
爬坡,555
爬山,385
爬行,561
爱,400
爱上,390
爱好者,185
爱情,196
爱过,196
片,195
片刻,186
片子,188
片段,385
牌子,185
牙刷,195
牙膏,195
牛,18
牛场,5463
牛奶,4927
牛羊,561
牛肉,18
牛肉干,9
牢牢,9
牦牛,418
牦牛肉,9
牧场,370
牧民,185
物品,1135
物质,185
牵绊,188
特别,2540
特地,9
特定,188
特殊,185
特色,411
特警,9
状况,188
状态,188
犹如,205
犹豫,185
狂风骤雨,9
狐假虎威,9
狗,594
狗仔队,9
狗血,9
独特,203
独自,188
独行,18
狭窄,373
狭路相逢,9
狮,9
狮王,186
狼,187
猜得到,9
猝死,187
猪,18
猫,197
玄乎,18
玉树藏族自治州,188
玉米饼,9
玉顶,186
王,9
王怼,9
玛拉,195
玩,767
玩儿,213
玩完,9
环境,188
环游,9
环线,203
环绕,561
环绕着,188
现在,1394
现场,373
现实,188
现已,9
现金,195
玲珑,187
珍惜,9
珍珠,2114
班次,18
班车,1497
理,188
理县,18
理塘,2760
理塘县,187
理想,36
理清,376
理由,9
理解,9
琐碎,374
琳琅满目,187
瑰,9
瑰丽,9
璀璨,18
璀白,9
瓶,18
甘堡,9
甘孜,679
甘孜州,206
甘孜藏族自治州,935
甘肃,392
甚,376
甚者,188
甚至,385
甜,18
甜甜的,9
甜蜜,18
生,18
生命,576
生态,185
生意,371
生死,9
生活,2117
生活照,9
生物钟,9
生病,188
生长,187
用,2903
用具,9
用到,9
用品,612
用时,197
用来,185
用途,188
用餐,379
田园风光,373
田野,9
由,784
由于,2697
由此,185
甲居藏,997
申请,185
电,188
电三轮,9
电子,9
电子地图,188
电影,808
电池,371
电源,9
电珠,18
电瓶车,3747
电线,376
电线杆,752
电脑,9
电脑软件,370
电话,194
电驴,185
男,195
男孩,188
男孩子,188
男生,9
画卷,9
画面,197
畅,9
畅通无阻,186
界碑,187
畏高,9
畔,372
留下,45
留在,371
留存,9
留宿,9
留念,9
畢竟,185
略能,9
略过,9
當,185
疯狂,196
疲态,9
疲惫,393
疼痛,188
病,187
病入膏肓,9
病困,9
症,9
症状,579
痛快,185
痛苦,9
瘦弱,197
登山,932
登山包,374
登山者,9
登山鞋,748
登机,9
白云,188
白到,9
白塔,393
白教,186
白色,381
白衣,195
白雪皑皑,9
百度,401
百来户,9
百爪,9
百科,197
的,182289
的确,558
的话,1745
皮,9
盆地,9
盒子,9
盗图,376
盘山,582
盘山公路,409
盘旋,194
盘绕,9
盛产,186
盛开,9
盛放,9
目光,9
目前,188
目标,27
目的,195
目的地,1533
目睹,9
直到,390
直奔,380
直接,784
直至,381
直行,185
直走,188
直达,568
相信,27
相关,570
相合,9
相处,9
相对,555
相对来说,185
相当,9
相当于,188
相形之下,9
相机,578
相比,206
相约,9
相聚,18
相见,399
相距,560
相距仅,188
相逢,9
相遇,594
省,188
省下,18
省去,188
省道,370
省钱,187
眉笔,9
看,3931
看上去,394
看不出,188
看不到,18
看不见,187
看云,188
看似,9
看到,4024
看吧,197
看官,9
看山,370
看护,187
看景,188
看清楚,185
看漏,185
看点,185
看看,1751
看着,45
看蓝到,9
看见,1131
看过,196
看透,188
看過,185
看重,186
看雪,188
真,761
真冰,186
真切,9
真实,591
真容,376
真心,373
真想,9
真是,966
真正,1529
真的,6438
真高反,9
眷顾,188
眺望,9
眼前,1137
眼在,187
眼帘,9
眼看,188
眼眸,376
眼睛,224
眼神,187
眼药水,186
眼里,9
眼霜,9
着,6296
着实,9
着迷,9
着重,9
着陆,9
睡,391
睡不着,9
睡不醒,9
睡个,9
睡会,9
睡得,9
睡眠,185
睡着,196
睡衣,9
睡袋,9
睡觉,382
睡醒,9
瞎,9
瞎忙活,9
瞬间,775
知觉,187
知道,1999
短,196
短暂,195
短板,9
短短的,9
短线,54
短袖,370
短裤,370
石头,757
石头路,188
石林,197
石棉,186
石滩,186
矿泉水,382
研究,567
研究家,188
研究成果,188
破烂,9
破败,188
硕大,9
硬,9
硬币,9
硬座,187
硬撑,185
硬着头皮,187
确切的说,9
确定,9
确实,430
确认,186
碎石,563
碗,9
碧绿,18
碧蓝,374
碧青,9
碰到,197
碰面,186
磁器,186
磕到,187
磕磕碰碰,9
磕长头,186
磨磨蹭蹭,9
磨西镇,185
磨蹭,9
磨难,9
示弱,9
礼物,188
社交,205
祁连山脉,9
祈愿,9
祈祷,187
祈福,18
祝福,187
神,18
神仙,188
神圣,188
神奇,580
神山,969
神州,573
神往,188
神情,9
神秘,381
神魂颠倒,9
票,560
票价,558
禁烟,185
福建,27
福建厦门,9
福音,9
离,213
离开,755
离港,188
秀,186
秀气,188
秀雅,187
私人,195
私信,185
秋,45
秋之行,9
秋冬,195
秋叶,9
秋天,1202
秋季,565
秋日,381
秋色,196
秋高气爽,9
种种,376
种种原因,9
种草,9
科学,188
科尔,187
科拉,9
秒,9
秘境,187
秘密,188
租,394
租好车,186
租用,560
租给,186
租赁,186
租车,972
租辆,9
秦始皇陵,186
积雪,577
称,9
称不上,9
称为,206
称呼,9
称得上,9
称赞,195
移动,194
稀少,194
稀稀落落,185
稀里糊涂,185
程度,400
稍事,188
稍微,204
稍有不慎,9
稍远,186
稳定,188
稳重,9
稻亚,186
稻城,23707
稻城县,6064
稻田,18
稻穗,9
稻香,9
穷,9
穷游,187
空旷,215
空有,9
空气,9
空气流通,9
空闲,9
穿,388
穿梭,195
穿脱,376
穿行,373
穿衣服,394
穿越,570
穿过,206
突发事件,188
突然,402
窒息,188
窗口,186
窗外,215
窗户,186
窝,382
窩,185
立下,188
立交桥,9
立马,197
站,1523
站不稳,188
竟,9
竟是,188
竟然,419
童话,383
童鞋,9
笑,224
笑嘻嘻,188
笑容,376
笑脸,188
笔,185
笔直,9
符合,187
第,18
第一个,195
第一件,9
第一关,389
第一处,9
第一天,2322
第一张,195
第一批,185
第一晚,194
第一次,1763
第一站,581
第一篇,9
第一缕,9
第一道,186
第一顿,9
第七天,205
第七站,187
第三,188
第三天,768
第三次,195
第三站,187
第二,399
第二个,9
第二天,2667
第二批,185
第二日,376
第二次,389
第二站,374
第五天,581
第五站,187
第八天,18
第六天,205
第六站,187
第四天,590
第四站,187
笼罩,9
等,4041
等候,383
等到,197
等待,195
等等,242
答应,9
答案,197
策划,9
简单,935
简直,63
简称,195
算,187
算是,429
算有,9
管,188
管理人员,188
箱子,376
篇,186
篇幅,9
米,8346
米左右,185
米饭,186
类产品,9
类似,18
类型,186
粉,9
粉底液,9
粉皮,18
粉饼,9
粗犷,372
粗细,9
精力过剩,9
精华,197
精品,36
精彩,196
精打细算,187
精神,9
精美,185
精致,197
糖,9
糖果,9
糟糕,197
素以,187
素有,9
素来,9
索道,188
紧,206
紧俏,187
紧凑型,188
紧张,752
紧接着,187
紧迫,9
紫外线,206
累,936
累赘,187
累过,187
絮絮叨叨,9
繁星,18
繁育,195
繁花似锦,9
纠结,18
红,2826
红军,18
红墙,187
红尘,187
红心,9
红房子,27
红景天,1943
红杉,788
红油,9
红眼,9
红色,581
红衣,187
红黄绿,9
约,3992
约定,213
约瑟夫,564
级,197
纪念碑,187
纯净,27
纯氧,187
纯粹,9
纯金,9
纳西,188
纷杂,9
纷纷,197
纷纷表示,9
纸,9
纸巾,9
纸币,18
纸能,9
线,186
线路,1341
线路图,9
组成,571
组织,188
细数,9
细细的,9
细读,185
终于,2036
终年,188
终极,18
终点,394
终点站,373
终究,195
经,1151
经历,1556
经受,188
经堂,9
经常,381
经幡,204
经新龙,9
经杰哥,9
经济,374
经理,188
经过,2751
经验,188
绒衣,370
结下,9
结了,197
结伴,393
结合,18
结婚,18
结心,9
结拜,9
结束,957
结果,747
结行,187
结论,9
结识,384
给,3886
给出,18
络绎不绝,9
绝,18
绝大多数,188
绝对,206
绝望,9
绝美,9
绝顶,187
统一,563
统称,373
统统,186
继续,2115
继续前进,9
续命,9
维生素,9
绵延不断,9
绵绵,18
绵阳,9
绸带,9
绽放,186
绿,9
绿油油,195
绿色,206
缆车,186
缓慢,187
缓缓,9
缓解,567
缘故,196
缠,9
缠绵,9
缥缈,9
缩短,9
缭绕,383
缺乏,18
缺氧,196
缺点,188
网上,407
网定,9
网易,9
网瘾,18
网站,186
网红之选,9
网红地,187
网络,967
罩,370
置身,9
羁绊,187
羊,9
羌寨,9
美,707
美中不足,9
美丽,1221
美到,188
美味,9
美团,186
美团点,187
美国,752
美图,187
美图秀,186
美女,186
美好,36
美如,187
美如画,18
美少女,9
美得,185
美景,1388
美的,612
美誉,9
美貌,9
美颜,186
美食,1134
羡慕,9
群山,9
群里,9
羽绒,185
羽绒服,388
翁达,27
翠林,9
翠蓝,9
翡绿欲滴,9
翻,383
翻出,194
翻山,188
翻山越岭,582
翻开,9
翻看,18
翻越,2108
翻过,1129
老,753
老不出,9
老乡,9
老城区,9
老外,188
老奶奶,18
老婆,81
老师,188
老店,9
老板,1716
老板娘,403
老百姓,9
老黄,186
考察,1316
考研,197
考虑,583
考验,564
者,187
而,4447
而且,3237
而后,185
而局,185
而已,372
而是,197
而杰哥,9
而甲居藏,185
而立,9
而行,375
而言,195
耍,9
耐心,9
耐操,187
耗时,18
耗费,9
耳后,9
耳塞,9
耳机,9
耳边,188
耳鸣,187
耸立,187
耽误,18
聊到,195
聊天,196
聊起,9
联系,195
联系方式,185
聚会,9
聚在一起,18
聪明,9
肃然起敬,187
肃穆,185
肉,9
肉夹馍,9
肉眼,197
肉类,9
肚子,18
肚脐,187
肠胃,370
肤色,188
肥肠,9
肯定,196
肺水肿,197
肺部,188
胃口,187
胃药,373
背,185
背上,375
背包,936
背夫,9
背山,9
背景,194
背着,375
胎全,186
胜,373
胜地,9
胡吃海喝,187
胶囊,596
胸闷,186
能,4302
能力,187
能够,400
能放,188
能望,9
能歌善舞,9
能见度,9
能量,188
脂肪,9
脆嫩,186
脉,9
脑子,188
脑海,9
脑海中,9
脚,188
脚下,752
脚架,9
脚步,197
脱身,9
脸,203
脸上,188
脸庞,9
脸皮厚,197
脸罩,9
腮红,9
腿,9
膝盖,187
自,572
自从,18
自作孽,9
自信,188
自备,381
自己,6565
自带,374
自我,185
自拍,568
自拍杆,185
自有,9
自治区,188
自然,260
自然保护区,372
自然地理,186
自然灾害,188
自然而然,9
自然风光,9
自然风景,185
自由,795
自虐,9
自行,197
自行车,27
自评,9
自费,187
自身,9
自驾,836
自驾游,374
臭,9
臭美,187
至,1481
至上而下,188
至于,212
至今,381
至少,18
至极,188
致敬,188
舍友,206
舍弃,9
舍得,188
舒服,18
舒缓,9
舒适,18
舔,18
舟车劳顿,188
航哥,372
航拍,18
航班,197
航站楼,9
般,27
般的,196
良方,188
艰苦,185
艰辛,9
艰险,188
艰难,385
色,462
色季,374
色彩,577
色拉,930
色达,1317
色达县,9
色达里,9
色达镇,9
艳丽,9
艳阳高照,186
节制,185
节奏,188
节目,372
节省,559
节省下来,185
节省时间,185
节约,187
芒康县,561
芙蓉,186
花,372
花好,185
花椒粉,9
花椒面,9
花费,194
苍凉,372
苍劲,9
苍狗,195
苍蝇,186
苏州,9
苏醒,9
苗条,9
苟且,372
若,2062
若尔盖,9
若干,9
苦,9
苦乐,9
苦心,9
苦难,187
英国,376
茂密,188
范围,197
茶,185
茶座,9
茶馆,185
草,371
草原,1949
草地,2311
草坝,194
草坪,373
草泥马,187
草滩,929
草甸,1527
荣获,188
药,409
药品,575
药带,185
药店,372
药物,384
药都,9
莫不,9
莫大,9
莫过于,9
莲花,18
获得,9
菌菇,9
菜,9
菜拉上,9
萌,383
营业,9
萧瑟,9
萨达,186
落,18
落下来,188
落后,9
落差,186
落石,188
落脚,197
著名,758
著称,370
葡萄糖,402
蒙,9
蒙蒙,9
蒙蒙亮,9
蒸饺,9
蓝,18
蓝天,385
蓝天白云,614
蓝得,9
蓝牙,9
蓝色,212
蔓延,18
蔚蓝,187
蔡阿,185
蔬菜,9
薄,555
薄到,9
薄雾,9
藏,952
藏传,186
藏传佛教,376
藏区,1327
藏医,187
藏塞,188
藏家,9
藏寨,753
藏居,9
藏式,9
藏族,1525
藏民,1134
藏语,394
藏路,188
藏餐,196
藿香,372
虎跳峡,9
虔诚,580
虚伪,187
虚构,564
虽然,1764
虽说,185
蚂蜂,382
蚊子,9
蚌,186
蚌普寺,371
蛋汤,18
蛋糕,9
蛮,188
蛮荒之地,185
蛮贵,188
蜀,9
蜀山,214
蜀黍,188
蜂,194
蜂蜂,9
蜜月,18
蜿蜒,196
融化,18
融在,188
蠢蠢欲动,9
行,1177
行人,197
行军,9
行囊,9
行小团,188
行摄,18
行政,188
行李,594
行李箱,374
行程,6328
行程表,197
行者,194
行装,18
行要,186
行走,9
行车,1513
行车时间,9
行进,188
行驶,1124
街,186
街上,9
街头,196
街站,370
衣多带,185
衣服,586
衣物,949
补充,371
补眠,9
补给,186
表弟,9
表情,9
表演,9
表示,9
表面,185
衬得,9
衬托,381
袜子,749
被,5053
被宠,187
被查,186
被窝,9
被誉为,194
被迫,9
袭,9
装,185
装不下,186
装备,1319
装湿,185
装饰,376
裹进,186
褒奖,9
褪去,9
西,18
西俄洛,187
西出,187
西南,188
西去,9
西右东,188
西天,9
西安,948
西岭雪山,558
西洋参,213
西而行,9
西藏,1734
西藏昌都地区,188
西行,18
西部,186
要,11010
要发,185
要备些,187
要是,380
要求,373
要说,187
要选,185
覆盖,9
见,598
见到,412
见过,9
见长,185
见闻,197
见面,222
观,185
观光,185
观光者,9
观光车,2475
观察,186
观景,557
观景台,562
观看,388
观赏,391
观音,213
观音庙,1410
观音桥,1659
规划,385
规模,185
觅食,18
视,18
视感,188
视野,206
视频,224
觉,196
觉得,3459
觉醒,188
觐见,186
角度,197
解决,764
解放碑,186
解释,373
触屏,195
詹姆斯,376
誤導別,185
說,740
警察,188
警局,9
计划,1328
订,186
订票,9
认为,197
认定,188
认识,259
让,3709
记,188
记事,9
记住,9
记录,1316
记得,1330
记忆,213
记忆里,9
记性,186
记着,370
讲,197
讲好,186
讲究,9
讲解,215
讲讲,9
许下,9
许多,186
设卡,188
设市,188
设施,195
设计,188
证件,380
证明,196
评为,185
评书,185
评级,9
评论,185
词,18
词条,9
词汇,9
词藻,9
试用,195
诗,381
诗意,204
诗词,187
诗集,370
诚心,188
诚挚,9
话,587
话梅,9
诠释,9
该,430
该定,9
该是,573
详细,206
详见,188
详述,188
语从,188
诱惑,27
说,7673
说不定,9
说不清,185
说到底,188
说好,9
说实话,370
说明,197
说来,18
说白了,376
说真的,187
说话,205
说说笑笑,9
说走就走,372
说路,187
请,1544
请假,27
诸多,9
诺言,9
谁,232
谁给我,187
调,188
调整,9
调料,9
谈不上,9
谈论,9
谢娜,9
谢谢,196
谨慎,9
谷,373
谷底,188
豁然开朗,188
豪华,9
豪华型,187
貌似,197
負責任,185
貴一點,185
資料,925
資源,185
负担,185
负罪感,9
负荷,9
负责,187
贡嘎,1310
贡嘎山,205
贡布,188
财富,187
货车,372
购买,568
购价,9
购物,187
购票,560
购置,9
贯穿,392
贯通,9
贴,9
贴心,18
贴着,186
贴身,185
贵,373
费,9
费力,380
费劲,188
费尽,188
费用,595
费神,188
赏赐,9
赐予,188
赐教,188
赛跑,185
赛马,36
赞,206
赞不绝口,9
赠送,18
赤土,185
赤裸裸,9
走,6430
走上,380
走不动,185
走出,215
走得,185
走来,196
走老路,188
走走,18
走走停停,9
走路,9
走边,185
走过,760
走近,9
走进,18
赶,206
赶上,197
赶到,401
赶回,197
赶完,9
赶往,188
赶慢,9
赶时间,186
赶着,9
赶紧,194
赶赴,187
赶路,580
起,759
起不来,188
起伏,9
起到,187
起山来,9
起床,990
起来,1417
起点,9
起飞,197
趁有,197
趁机,188
趁着,188
超,9
超好,9
超市,195
超有,188
超棒,9
超级,569
超超,9
超越,188
越,1337
越南,186
越发,9
越往后,185
越是,188
越来越,403
越过,187
越野车,559
越高,382
足,9
足够,749
足足,9
趴在,187
跃跃欲试,9
跋涉,9
跑,9
跑出去,187
跑来跑去,9
跑步,185
跑马山,186
距,186
距离,1341
跟,1692
跟不上,195
跟团,36
跟着,213
跨上,9
跨出,9
跪,9
跪下,374
路,5302
路上,3124
路人,197
路值,9
路况,1501
路口,185
路基,188
路太难,188
路政,188
路段,752
路灯,9
路牌,185
路程,1510
路线,2102
路线图,9
路费,204
路边,400
路过,1764
路途,753
路途遥远,379
路面,197
路风,197
踌躇,9
踏上,224
踏遍,9
踩,9
踩点,186
蹭,206
身不由己,9
身份,197
身份证,380
身体,800
身体素质,373
身后,9
身在,187
身处,188
身子,9
身形,9
身心,9
身旁,9
身材,9
身躯,187
身边,749
躺,572
车,3265
车上,197
车会,186
车后,186
车子,203
车手,188
车技,9
车款,188
车比,188
车牌,9
车盖,18
车票,2080
车程,2308
车窗,185
车站,204
车胎,186
车要,186
车载,9
车辆,401
车过,186
车里,9
车队,9
车马费,186
轨迹,195
转,36
转向,187
转好,186
转山,383
转晴,188
转来转去,188
转水转,195
转经筒,197
转而,188
转角,9
转车,185
转转,186
转选,188
转阴,372
轮,194
软软,9
轻,9
轻信,9
轻度,188
轻微,380
轻易,9
轻松,399
轻盈,9
较,971
较大,370
较强,185
较长,9
辗转,195
辛苦,383
辣味,9
辣椒,9
辨,9
边,758
边缘,373
辽阔,187
达,1084
达到,381
达山,187
达成,196
过,4079
过不去,188
过亚丁,195
过去,794
过后,384
过夜,188
过意不去,9
过来,27
过桥,9
过毛垭,187
过渡,206
过硬,9
过程,9
过高反,9
迈出,9
迈勇,186
迎客,9
迎接,9
迎来,196
运动,186
运动鞋,9
运气,764
运用,188
运营,194
运行,185
运输,9
近,579
近几年,376
近在眼前,9
近距离,188
返回,2291
返程,242
还,6836
还会,9
还原,188
还好,943
还是,4673
还有,3160
还要,582
这,8059
这一,188
这个,4361
这么,1428
这么晚,9
这些,801
这人,185
这会,188
这位,195
这儿,407
这句,196
这块,9
这处,187
这大胃,9
这天,9
这家,560
这座,9
这张,188
这才,187
这时,385
这是,1383
这有,9
这条,373
这条线,9
这样,2522
这样的话,188
这次,2586
这段,371
这片,206
这真,9
这种,660
这算个,188
这篇,392
这话,9
这趟,9
这辈子,570
这边,561
这部,9
这里,5360
这雪里,188
进,582
进入,3487
进出,376
进去,567
进藏,758
进行,945
进门,18
进食,9
远,1521
远不如,188
远中近,188
远亲,9
远光灯,9
远去,18
远在天边,9
远处,27
远山,9
远方,399
远洋,185
远看,9
远眺,375
远离,9
远行,9
远走,195
远远,412
远远不够,9
连,206
连夜,371
连看,9
连续,188
连绵,9
连绵起伏,195
连降,9
迪卡侬,186
迪庆,188
迭生,9
迷人,206
迷宫,9
迷茫,9
追随,9
退堂鼓,9
退房,9
退烧药,384
退票,186
送,400
送到,9
送往,187
适合,599
适宜,9
适应,1157
适逢,9
适量,185
逃不掉,9
逃离,187
逆流而上,744
选,373
选在,18
选择,2316
选择网络,186
选歌,9
逊色,188
透,9
透不出,9
透过,373
透露,9
逐步,561
逐渐,403
途,188
途中,1358
途径,215
途牛,9
途经,790
逗留,392
逗笑,188
這些,185
這個,373
這裡,185
這麼,370
通,188
通常,564
通往,204
通红,9
通行,18
通车,197
通过,752
通道,373
通麦,187
逛,18
逛街,187
逛逛,560
速干,186
速度,187
造化,9
造型,382
造就,188
造成,9
逼,18
遂,9
遇上,203
遇到,1913
遇见,222
遊記,925
遊記裡,185
遍地,196
道,215
道光,188
道场,195
道孚,197
道理,197
道路,194
遗址,766
遗憾,412
遗迹,929
遛弯,186
遥望,9
遥远,197
遥遥无期,186
遥遥相望,9
遮住,374
遮挡,197
遮掩,9
遮阳伞,186
遮阳帽,188
避免,188
避开,188
邂逅,9
邛,186
邛名,186
邛崃山,9
那,2391
那一刻,18
那个,623
那么,2848
那些,567
那份,187
那儿,9
那场,204
那天,188
那才,9
那时,399
那样,561
那次,27
那段,9
那片,188
那种,429
那边,570
那部,9
那里,636
邦达,187
郎吉岭,564
部分,569
都,20414
都市生活,188
都还没,9
鄙视,9
酌情,9
配合,188
配饰,9
酒,185
酒店,3983
酥油茶,185
酱料,9
酱油,9
酸奶,373
醉,186
醉人,186
醒来,9
采用,9
采的景,9
采购,567
释放,9
里,3892
里程,9
里面,782
重,188
重复,188
重庆,834
重心,9
重新,195
重游,9
重点,385
重聚,9
重要,445
重走,195
野炊,9
野生,9
野车,186
金光,9
金山,950
金沙江,374
金牛,9
金秋,27
金色,188
金钱,188
金黄,391
鉴于,188
錯誤,185
针,187
钙化,186
钟,27
钟到,9
钟楼,186
钱,747
铁塔,390
铁轨,9
铁链,9
铜,197
铜像,185
铜镜,9
银河,744
银行卡,9
铺就,9
铺满,188
链接,185
锅盔,36
错,185
错落,185
错落有致,194
错过,409
锦里,36
键盘,9
锻炼身体,185
镇,5950
镇上,595
镇子,18
镇约,185
镜,372
镜头,371
长,196
长假,188
长坪,958
长安城,186
长年,9
长廊,9
长征,9
长期,9
长沙,9
长焦,186
长线,445
长袖,185
长裤,185
长龙,9
開心,185
门,196
门口,400
门票,3210
闪,188
闪耀,9
问,770
问候,9
问及,188
问号,188
问好,186
问小,9
问问,197
问题,591
闯入,9
闲逛,390
闹心,185
闹肚子,185
闺蜜们,9
闻一闻,9
闻名,186
闻名于世,187
阅读,9
阑珊,9
阙,187
阡陌,9
防寒,206
防寒保暖,185
防晒,596
防晒霜,400
防水,744
防身,9
防风,376
阳光,1026
阳光明媚,9
阴,9
阴天,385
阴影,384
阴晴,9
阴晴不定,188
阴沉,188
阴沉沉,188
阴雨,27
阵雨,9
阶级,9
阻止,185
阿坝,195
阿姨,374
阿尔卑斯山,9
附上,18
附带,188
附近,1383
陆续,9
陈,27
陈粒,9
陈绮贞,9
陌生,9
陌生人,187
降低,9
降到,9
陕西,9
陡峭,565
院子,9
除了,587
险关,186
险峻,380
险象,9
险远,9
陪,195
陪伴,188
陶醉,188
隆达,9
随,9
随之,9
随便,401
随后,187
随处,9
随处可见,9
随心,187
随意,9
随时,379
随着,206
隐秘,9
隔,560
隔壁,185
隔离霜,9
隧道,966
隶属,376
难,598
难以,9
难以忘怀,9
难以想像,188
难以预测,188
难免,18
难受,187
难得,412
难忘,27
难熬,9
难过,187
难道,9
雁塔,186
雄壮,197
雄峻,9
雄登寺,194
雅克,195
雅女,187
雅安,1084
雅康,195
雅拉,762
雅江,1173
雅江县,372
雅砻江,754
雅致,188
雅雨,187
雅鱼,187
集中式,9
集合,196
集美,9
雕刻,9
雕工,188
難免,185
雨,587
雨具,372
雨势,9
雨城,9
雨夹雪,188
雨季,585
雨崩,9
雨衣,222
雨雪,9
雪,757
雪后,195
雪地,186
雪域,9
雪山,6779
雪峰,215
雪景,376
雪橇犬,186
雪水,187
雪线,187
雪花,9
雪过,195
雪迹,9
零星,188
零钱,9
零食,27
雾,188
雾气,188
雾灯,9
雾罩,9
需,927
需一,9
需带,185
需时,9
需求,187
需要,4943
震慑,9
震撼,206
霜,9
露出,36
露营,9
露过,9
霾,188
青城山,188
青年,771
青旅,753
青春,187
青春年少,9
青海,580
青海湖,9
青涩,9
青稞酒,9
青草,18
青菜,9
青藏,188
青藏高原,763
青衣江,195
静坐,373
静止,188
静美,9
静默,9
非,196
非常,2491
靠,203
靠近,215
面,9
面一笼,9
面不改色,9
面具,374
面前,392
面包车,558
面向,185
面基,9
面对,760
面巾纸,186
面暖暖身,186
面条,18
面积,579
面膜,9
面都,9
面霜,9
革命,186
靴,185
靴子,9
鞋上,188
鞋套,9
鞋子,380
音乐,18
韵,9
顶,9
顶上,188
顶多,187
顶层,186
项目,186
顺便,188
顺利,197
顺序,188
顺德,9
顺手,9
顺水推舟,187
顺着,372
顺路,185
顺路去,195
顺道去,27
顾名思义,9
顾胜,9
顿时,751
预告片,9
预备,9
预定,392
预期,188
预留,382
预睹,188
预算,187
预约,9
预警,9
预计,9
预订,372
预防,9
领略,197
领队,195
颈,9
频车,186
颗粒,186
颜色,393
额,9
颠簸,1120
风,585
风光,786
风向,9
风吹,9
风土人情,9
风大,370
风情,185
风景,2738
风景区,2259
风景图,187
风景线,185
风格,18
风油精,186
风采,195
风险,9
风雨,374
风雨飘摇,9
风雪,186
风霜,9
飘,383
飘荡,188
飘起,9
飘过,9
飙到,188
飞,231
飞夺,383
飞往,188
飞快,9
飞扬,188
飞机,995
飞来,185
飞梦绕,9
飞猪,195
飞翔,188
飞雪,9
食品,185
食宿,9
食物,185
餐,188
餐厅,197
饭,9
饭前,9
饭后,204
饭店,379
饮料,370
饮用,370
饮食,185
饱受,9
饱含,187
饱和度,9
饱览,9
饱餐,9
饱饱,188
饺子,18
饼,18
饼干,185
饿,187
饿着肚子,9
馅饼,9
馈赠,9
馒头,9
首,9
首先,391
首歌,9
香格里拉,9823
香格里拉县,188
香气,9
香港,9
香蕉,9
馬,185
马,577
马上,27
马不停蹄,9
马儿,9
马匹,370
马夫,742
马尔康,144
马帮,740
马票,370
马背,187
马能,188
马蜂窝,212
马路,18
马道,376
马頔,9
驱车,194
驴,185
驴友,1125
驴友们,9
驶往,9
驾照,9
驾车,370
驾驶,9
驿站,9
骊山,186
骑,194
骑上,187
骑着,185
骑马,212
骗人,187
骚年,9
骨头,9
骨髓,9
體驗,185
高,3651
高中,186
高于,188
高冷,9
高原,3745
高原地区,779
高原气候,373
高反,1978
高反弱,9
高地,186
高处,197
高尔寺,1506
高山,784
高峰,205
高楼,9
高空,9
高耸,187
高耸入云,188
高能,18
高达,196
高速,949
高铁,186
高高低低,187
高高的,187
鬼斧神工,18
魅力,9
鲁朗,187
鲜为人知,188
鲜花,194
鳞,185
鸡,9
鸡汤,187
鸡蛋,9
鸡血,204
鸽子,18
麻,9
麻哥面,9
麻将,9
麻批,187
麻烦,215
麻酱,18
黄,744
黄巢,186
黄教,372
黄绿色,188
黄色,185
黄金,197
黄金周,185
黄鱼,185
黑,197
黑白,186
黑色,185
黑车,9
黑黑的,188
默默,205
默默无闻,187
鼓励,196
鼓足勇气,188
鼻,9
鼻梁,197
龙,54
龙同坝,188
龙达,195
️,1865
！,14273
（,16808
）,16975
，,320913
－,3524
．,45
／,372
：,22868
；,4466
＞,5365
？,2532
Ｄ,9
［,187
］,187
～,2317
￥,1379
🌊,187
🏞,187
👣,561
👦,9
👩,9
😂,9
😌,9
😏,9
😜,9
🤒,187
🤓,9
